
2026-03-30 10:33:33: Starting run with name 'DPP_BBQ_SCAN' and offsets ['NEG', 'POS']
Applied SpsLowLevelRF/DpOverPOffset = +0.000000e+00
Cycle 2026-03-30 10:33:54.135000+00:00: offset +0.000000e+00 rep 1
2026-03-30 10:58:26: Starting run with name 'DPP_BBQ_SCAN' and offsets [0.0, -0.00025, 0.00025, -0.0005, 0.0005, -0.00075, 0.00075, -0.001, 0.001, -0.00125, 0.00125, -0.0015, 0.0015, -0.00175, 0.00175, -0.002, 0.002, -0.0022500000000000003, 0.0022500000000000003, -0.0025, 0.0025, -0.00275, 0.00275, -0.003, 0.003, -0.0032500000000000003, 0.0032500000000000003, -0.0035, 0.0035, -0.00375, 0.00375, -0.004, 0.004, -0.00425, 0.00425, -0.0045000000000000005, 0.0045000000000000005, -0.00475, 0.00475, -0.005, 0.005, -0.00525, 0.00525, -0.0055, 0.0055, -0.00575, 0.00575, -0.006, 0.006, -0.00625, 0.00625, -0.006500000000000001, 0.006500000000000001]
Applied SpsLowLevelRF/DpOverPOffset = +0.000000e+00
Cycle 2026-03-30 10:58:30.135000+00:00: offset +0.000000e+00 rep 1 -> OK  (estimate: H=0.1362, V=0.1807)
Cycle 2026-03-30 10:58:45.735000+00:00: offset +0.000000e+00 rep 2 -> OK  (estimate: H=0.1338, V=0.1807)
Cycle 2026-03-30 10:59:01.335000+00:00: offset +0.000000e+00 rep 3 -> OK  (estimate: H=0.1382, V=0.1782)
Cycle 2026-03-30 10:59:16.935000+00:00: offset +0.000000e+00 rep 4 -> OK  (estimate: H=0.1328, V=0.1816)
Cycle 2026-03-30 10:59:32.535000+00:00: offset +0.000000e+00 rep 5 -> OK  (estimate: H=0.1372, V=0.1807)
Applied SpsLowLevelRF/DpOverPOffset = -2.500000e-04
Cycle 2026-03-30 10:59:48.135000+00:00: offset -2.500000e-04 rep 1 -> OK  (estimate: H=0.1392, V=0.1782)
Cycle 2026-03-30 11:00:03.735000+00:00: offset -2.500000e-04 rep 2 -> OK  (estimate: H=0.1338, V=0.1807)
Cycle 2026-03-30 11:00:19.335000+00:00: offset -2.500000e-04 rep 3 -> OK  (estimate: H=0.1382, V=0.1782)
Cycle 2026-03-30 11:00:34.935000+00:00: offset -2.500000e-04 rep 4 -> OK  (estimate: H=0.1382, V=0.1787)
Cycle 2026-03-30 11:00:50.535000+00:00: offset -2.500000e-04 rep 5 -> OK  (estimate: H=0.1338, V=0.1792)
Applied SpsLowLevelRF/DpOverPOffset = +2.500000e-04
Cycle 2026-03-30 11:01:06.135000+00:00: offset +2.500000e-04 rep 1 -> OK  (estimate: H=0.1338, V=0.1807)
Cycle 2026-03-30 11:01:21.735000+00:00: offset +2.500000e-04 rep 2 -> OK  (estimate: H=0.1382, V=0.1792)
Cycle 2026-03-30 11:01:37.335000+00:00: offset +2.500000e-04 rep 3 -> OK  (estimate: H=0.1328, V=0.1807)
Cycle 2026-03-30 11:01:52.935000+00:00: offset +2.500000e-04 rep 4 -> OK  (estimate: H=0.1382, V=0.1782)
Cycle 2026-03-30 11:02:08.535000+00:00: offset +2.500000e-04 rep 5 -> OK  (estimate: H=0.1328, V=0.1807)
Applied SpsLowLevelRF/DpOverPOffset = -5.000000e-04
Cycle 2026-03-30 11:02:24.135000+00:00: offset -5.000000e-04 rep 1 -> OK  (estimate: H=0.1348, V=0.1772)
Cycle 2026-03-30 11:02:39.735000+00:00: offset -5.000000e-04 rep 2 -> OK  (estimate: H=0.1328, V=0.1792)
Cycle 2026-03-30 11:02:55.335000+00:00: offset -5.000000e-04 rep 3 -> OK  (estimate: H=0.1392, V=0.1772)
Cycle 2026-03-30 11:03:10.935000+00:00: offset -5.000000e-04 rep 4 -> OK  (estimate: H=0.1328, V=0.1797)
Cycle 2026-03-30 11:03:26.535000+00:00: offset -5.000000e-04 rep 5 -> OK  (estimate: H=0.1338, V=0.1792)
Applied SpsLowLevelRF/DpOverPOffset = +5.000000e-04
Cycle 2026-03-30 11:03:42.135000+00:00: offset +5.000000e-04 rep 1 -> OK  (estimate: H=0.1372, V=0.1792)
Cycle 2026-03-30 11:03:57.735000+00:00: offset +5.000000e-04 rep 2 -> OK  (estimate: H=0.1392, V=0.1782)
Cycle 2026-03-30 11:04:13.335000+00:00: offset +5.000000e-04 rep 3 -> OK  (estimate: H=0.1328, V=0.1807)
Cycle 2026-03-30 11:04:28.935000+00:00: offset +5.000000e-04 rep 4 -> OK  (estimate: H=0.1362, V=0.1792)
Cycle 2026-03-30 11:04:44.535000+00:00: offset +5.000000e-04 rep 5 -> OK  (estimate: H=0.1372, V=0.1787)
Applied SpsLowLevelRF/DpOverPOffset = -7.500000e-04
Cycle 2026-03-30 11:05:00.135000+00:00: offset -7.500000e-04 rep 1 -> OK  (estimate: H=0.1318, V=0.1782)
Cycle 2026-03-30 11:05:15.735000+00:00: offset -7.500000e-04 rep 2 -> OK  (estimate: H=0.1348, V=0.1772)
Cycle 2026-03-30 11:05:31.335000+00:00: offset -7.500000e-04 rep 3 -> OK  (estimate: H=0.1318, V=0.1797)
Cycle 2026-03-30 11:05:46.935000+00:00: offset -7.500000e-04 rep 4 -> OK  (estimate: H=0.1392, V=0.1772)
Cycle 2026-03-30 11:06:02.535000+00:00: offset -7.500000e-04 rep 5 -> OK  (estimate: H=0.1328, V=0.1787)
Applied SpsLowLevelRF/DpOverPOffset = +7.500000e-04
Cycle 2026-03-30 11:06:18.135000+00:00: offset +7.500000e-04 rep 1 -> OK  (estimate: H=0.1318, V=0.1807)
Cycle 2026-03-30 11:06:33.735000+00:00: offset +7.500000e-04 rep 2 -> OK  (estimate: H=0.1382, V=0.1792)
Cycle 2026-03-30 11:06:49.335000+00:00: offset +7.500000e-04 rep 3 -> OK  (estimate: H=0.1392, V=0.1782)
Cycle 2026-03-30 11:07:04.935000+00:00: offset +7.500000e-04 rep 4 -> OK  (estimate: H=0.1338, V=0.1807)
Cycle 2026-03-30 11:07:20.535000+00:00: offset +7.500000e-04 rep 5 -> OK  (estimate: H=0.1372, V=0.1807)
Applied SpsLowLevelRF/DpOverPOffset = -1.000000e-03
Cycle 2026-03-30 11:07:36.135000+00:00: offset -1.000000e-03 rep 1 -> OK  (estimate: H=0.1338, V=0.1772)
Cycle 2026-03-30 11:07:51.735000+00:00: offset -1.000000e-03 rep 2 -> OK  (estimate: H=0.1313, V=0.1782)
Cycle 2026-03-30 11:08:07.335000+00:00: offset -1.000000e-03 rep 3 -> OK  (estimate: H=0.1338, V=0.1763)
Cycle 2026-03-30 11:08:22.935000+00:00: offset -1.000000e-03 rep 4 -> OK  (estimate: H=0.1318, V=0.1782)
Cycle 2026-03-30 11:08:38.535000+00:00: offset -1.000000e-03 rep 5 -> OK  (estimate: H=0.1318, V=0.1772)
Applied SpsLowLevelRF/DpOverPOffset = +1.000000e-03
Cycle 2026-03-30 11:08:54.135000+00:00: offset +1.000000e-03 rep 1 -> OK  (estimate: H=0.1372, V=0.1792)
Cycle 2026-03-30 11:09:09.735000+00:00: offset +1.000000e-03 rep 2 -> OK  (estimate: H=0.1387, V=0.1782)
Cycle 2026-03-30 11:09:25.335000+00:00: offset +1.000000e-03 rep 3 -> OK  (estimate: H=0.1372, V=0.1792)
Cycle 2026-03-30 11:09:40.935000+00:00: offset +1.000000e-03 rep 4 -> OK  (estimate: H=0.1372, V=0.1807)
Cycle 2026-03-30 11:09:56.535000+00:00: offset +1.000000e-03 rep 5 -> OK  (estimate: H=0.1362, V=0.1792)
Applied SpsLowLevelRF/DpOverPOffset = -1.250000e-03
Cycle 2026-03-30 11:10:12.135000+00:00: offset -1.250000e-03 rep 1 -> OK  (estimate: H=0.1382, V=0.1719)
Cycle 2026-03-30 11:10:27.735000+00:00: offset -1.250000e-03 rep 2 -> OK  (estimate: H=0.1338, V=0.1719)
Cycle 2026-03-30 11:10:43.335000+00:00: offset -1.250000e-03 rep 3 -> OK  (estimate: H=0.1382, V=0.1719)
Cycle 2026-03-30 11:10:58.935000+00:00: offset -1.250000e-03 rep 4 -> OK  (estimate: H=0.1328, V=0.1763)
Cycle 2026-03-30 11:11:14.535000+00:00: offset -1.250000e-03 rep 5 -> OK  (estimate: H=0.1318, V=0.1782)
Applied SpsLowLevelRF/DpOverPOffset = +1.250000e-03
Cycle 2026-03-30 11:11:30.135000+00:00: offset +1.250000e-03 rep 1 -> OK  (estimate: H=0.1382, V=0.1787)
Cycle 2026-03-30 11:11:45.735000+00:00: offset +1.250000e-03 rep 2 -> OK  (estimate: H=0.1318, V=0.1807)
Cycle 2026-03-30 11:12:01.335000+00:00: offset +1.250000e-03 rep 3 -> OK  (estimate: H=0.1382, V=0.1782)
Cycle 2026-03-30 11:12:16.935000+00:00: offset +1.250000e-03 rep 4 -> OK  (estimate: H=0.1382, V=0.1797)
Cycle 2026-03-30 11:12:32.535000+00:00: offset +1.250000e-03 rep 5 -> OK  (estimate: H=0.1382, V=0.1782)
Applied SpsLowLevelRF/DpOverPOffset = -1.500000e-03
Cycle 2026-03-30 11:12:48.135000+00:00: offset -1.500000e-03 rep 1 -> OK  (estimate: H=0.1382, V=0.1719)
Cycle 2026-03-30 11:13:03.735000+00:00: offset -1.500000e-03 rep 2 -> OK  (estimate: H=0.1318, V=0.1772)
Cycle 2026-03-30 11:13:19.335000+00:00: offset -1.500000e-03 rep 3 -> OK  (estimate: H=0.1309, V=0.1782)
Cycle 2026-03-30 11:13:34.935000+00:00: offset -1.500000e-03 rep 4 -> OK  (estimate: H=0.1304, V=0.1772)
Cycle 2026-03-30 11:13:50.535000+00:00: offset -1.500000e-03 rep 5 -> OK  (estimate: H=0.1309, V=0.1772)
Applied SpsLowLevelRF/DpOverPOffset = +1.500000e-03
Cycle 2026-03-30 11:14:06.135000+00:00: offset +1.500000e-03 rep 1 -> OK  (estimate: H=0.1372, V=0.1792)
Cycle 2026-03-30 11:14:21.735000+00:00: offset +1.500000e-03 rep 2 -> OK  (estimate: H=0.1372, V=0.1802)
Cycle 2026-03-30 11:14:37.335000+00:00: offset +1.500000e-03 rep 3 -> OK  (estimate: H=0.1382, V=0.1792)
Cycle 2026-03-30 11:14:52.935000+00:00: offset +1.500000e-03 rep 4 -> OK  (estimate: H=0.1382, V=0.1787)
Cycle 2026-03-30 11:15:08.535000+00:00: offset +1.500000e-03 rep 5 -> OK  (estimate: H=0.1372, V=0.1792)
Applied SpsLowLevelRF/DpOverPOffset = -1.750000e-03
Cycle 2026-03-30 11:15:24.135000+00:00: offset -1.750000e-03 rep 1 -> OK  (estimate: H=0.1318, V=0.1719)
Cycle 2026-03-30 11:15:39.735000+00:00: offset -1.750000e-03 rep 2 -> OK  (estimate: H=0.1309, V=0.1763)
Cycle 2026-03-30 11:15:55.335000+00:00: offset -1.750000e-03 rep 3 -> OK  (estimate: H=0.1309, V=0.1729)
Cycle 2026-03-30 11:16:10.935000+00:00: offset -1.750000e-03 rep 4 -> OK  (estimate: H=0.1309, V=0.1772)
Cycle 2026-03-30 11:16:26.535000+00:00: offset -1.750000e-03 rep 5 -> OK  (estimate: H=0.1309, V=0.1763)
Applied SpsLowLevelRF/DpOverPOffset = +1.750000e-03
Cycle 2026-03-30 11:16:42.135000+00:00: offset +1.750000e-03 rep 1 -> OK  (estimate: H=0.1382, V=0.1797)
Cycle 2026-03-30 11:16:57.735000+00:00: offset +1.750000e-03 rep 2 -> OK  (estimate: H=0.1372, V=0.1787)
Cycle 2026-03-30 11:17:13.335000+00:00: offset +1.750000e-03 rep 3 -> OK  (estimate: H=0.1382, V=0.1782)
Cycle 2026-03-30 11:17:28.935000+00:00: offset +1.750000e-03 rep 4 -> OK  (estimate: H=0.1382, V=0.1787)
Cycle 2026-03-30 11:17:44.535000+00:00: offset +1.750000e-03 rep 5 -> OK  (estimate: H=0.1382, V=0.1797)
Applied SpsLowLevelRF/DpOverPOffset = -2.000000e-03
Cycle 2026-03-30 11:18:00.135000+00:00: offset -2.000000e-03 rep 1 -> OK  (estimate: H=0.1318, V=0.1719)
Cycle 2026-03-30 11:18:15.735000+00:00: offset -2.000000e-03 rep 2 -> OK  (estimate: H=0.1299, V=0.1763)
Cycle 2026-03-30 11:18:31.335000+00:00: offset -2.000000e-03 rep 3 -> OK  (estimate: H=0.1318, V=0.1333)
Cycle 2026-03-30 11:18:46.935000+00:00: offset -2.000000e-03 rep 4 -> OK  (estimate: H=0.1309, V=0.1323)
Cycle 2026-03-30 11:19:02.535000+00:00: offset -2.000000e-03 rep 5 -> OK  (estimate: H=0.1309, V=0.1782)
Applied SpsLowLevelRF/DpOverPOffset = +2.000000e-03
Cycle 2026-03-30 11:19:18.135000+00:00: offset +2.000000e-03 rep 1 -> OK  (estimate: H=0.1372, V=0.1802)
Cycle 2026-03-30 11:19:33.735000+00:00: offset +2.000000e-03 rep 2 -> OK  (estimate: H=0.1382, V=0.1782)
Cycle 2026-03-30 11:19:49.335000+00:00: offset +2.000000e-03 rep 3 -> OK  (estimate: H=0.1372, V=0.1787)
Cycle 2026-03-30 11:20:04.935000+00:00: offset +2.000000e-03 rep 4 -> OK  (estimate: H=0.1328, V=0.1802)
Cycle 2026-03-30 11:20:20.535000+00:00: offset +2.000000e-03 rep 5 -> OK  (estimate: H=0.1382, V=0.1772)
Applied SpsLowLevelRF/DpOverPOffset = -2.250000e-03
Cycle 2026-03-30 11:20:36.135000+00:00: offset -2.250000e-03 rep 1 -> OK  (estimate: H=0.1318, V=0.1333)
Cycle 2026-03-30 11:20:51.735000+00:00: offset -2.250000e-03 rep 2 -> OK  (estimate: H=0.1328, V=0.1694)
Cycle 2026-03-30 11:21:07.335000+00:00: offset -2.250000e-03 rep 3 -> OK  (estimate: H=0.1318, V=0.1333)
Cycle 2026-03-30 11:21:22.935000+00:00: offset -2.250000e-03 rep 4 -> OK  (estimate: H=0.1309, V=0.1328)
Cycle 2026-03-30 11:21:38.535000+00:00: offset -2.250000e-03 rep 5 -> OK  (estimate: H=0.1318, V=0.1338)
Applied SpsLowLevelRF/DpOverPOffset = +2.250000e-03
Cycle 2026-03-30 11:21:54.135000+00:00: offset +2.250000e-03 rep 1 -> OK  (estimate: H=0.1382, V=0.1787)
Cycle 2026-03-30 11:22:09.735000+00:00: offset +2.250000e-03 rep 2 -> OK  (estimate: H=0.1382, V=0.1782)
Cycle 2026-03-30 11:22:25.335000+00:00: offset +2.250000e-03 rep 3 -> OK  (estimate: H=0.1318, V=0.1807)
Cycle 2026-03-30 11:22:40.935000+00:00: offset +2.250000e-03 rep 4 -> OK  (estimate: H=0.1372, V=0.1787)
Cycle 2026-03-30 11:22:56.535000+00:00: offset +2.250000e-03 rep 5 -> OK  (estimate: H=0.1338, V=0.1807)
Applied SpsLowLevelRF/DpOverPOffset = -2.500000e-03
Cycle 2026-03-30 11:23:12.135000+00:00: offset -2.500000e-03 rep 1 -> OK  (estimate: H=0.1328, V=0.1343)
Cycle 2026-03-30 11:23:27.735000+00:00: offset -2.500000e-03 rep 2 -> OK  (estimate: H=0.1318, V=0.1333)
Cycle 2026-03-30 11:23:43.335000+00:00: offset -2.500000e-03 rep 3 -> OK  (estimate: H=0.1318, V=0.1699)
Cycle 2026-03-30 11:23:58.935000+00:00: offset -2.500000e-03 rep 4 -> OK  (estimate: H=0.1318, V=0.1323)
Cycle 2026-03-30 11:24:14.535000+00:00: offset -2.500000e-03 rep 5 -> OK  (estimate: H=0.1328, V=0.1699)
Applied SpsLowLevelRF/DpOverPOffset = +2.500000e-03
Cycle 2026-03-30 11:24:30.135000+00:00: offset +2.500000e-03 rep 1 -> OK  (estimate: H=0.1362, V=0.1807)
Cycle 2026-03-30 11:24:45.735000+00:00: offset +2.500000e-03 rep 2 -> OK  (estimate: H=0.1382, V=0.1782)
Cycle 2026-03-30 11:25:01.335000+00:00: offset +2.500000e-03 rep 3 -> OK  (estimate: H=0.1382, V=0.1787)
Cycle 2026-03-30 11:25:16.935000+00:00: offset +2.500000e-03 rep 4 -> OK  (estimate: H=0.1372, V=0.1792)
Cycle 2026-03-30 11:25:32.535000+00:00: offset +2.500000e-03 rep 5 -> OK  (estimate: H=0.1328, V=0.1807)
Applied SpsLowLevelRF/DpOverPOffset = -2.750000e-03
Cycle 2026-03-30 11:25:48.135000+00:00: offset -2.750000e-03 rep 1 -> OK  (estimate: H=0.1328, V=0.1343)
Cycle 2026-03-30 11:26:03.735000+00:00: offset -2.750000e-03 rep 2 -> OK  (estimate: H=0.1318, V=0.1323)
Cycle 2026-03-30 11:26:19.335000+00:00: offset -2.750000e-03 rep 3 -> OK  (estimate: H=0.1328, V=0.1343)
Cycle 2026-03-30 11:26:34.935000+00:00: offset -2.750000e-03 rep 4 -> OK  (estimate: H=0.1309, V=0.1323)
Cycle 2026-03-30 11:26:50.535000+00:00: offset -2.750000e-03 rep 5 -> OK  (estimate: H=0.1328, V=0.1343)
Applied SpsLowLevelRF/DpOverPOffset = +2.750000e-03
Cycle 2026-03-30 11:27:06.135000+00:00: offset +2.750000e-03 rep 1 -> OK  (estimate: H=0.1382, V=0.1792)
Cycle 2026-03-30 11:27:21.735000+00:00: offset +2.750000e-03 rep 2 -> OK  (estimate: H=0.1328, V=0.1807)
Cycle 2026-03-30 11:27:37.335000+00:00: offset +2.750000e-03 rep 3 -> OK  (estimate: H=0.1382, V=0.1782)
Cycle 2026-03-30 11:27:52.935000+00:00: offset +2.750000e-03 rep 4 -> OK  (estimate: H=0.1328, V=0.1807)
Cycle 2026-03-30 11:28:08.535000+00:00: offset +2.750000e-03 rep 5 -> OK  (estimate: H=0.1392, V=0.1782)
Applied SpsLowLevelRF/DpOverPOffset = -3.000000e-03
Cycle 2026-03-30 11:28:24.135000+00:00: offset -3.000000e-03 rep 1 -> OK  (estimate: H=0.1318, V=0.1333)
Cycle 2026-03-30 11:28:39.735000+00:00: offset -3.000000e-03 rep 2 -> OK  (estimate: H=0.1328, V=0.1343)
Cycle 2026-03-30 11:28:55.335000+00:00: offset -3.000000e-03 rep 3 -> OK  (estimate: H=0.1318, V=0.1333)
Cycle 2026-03-30 11:29:10.935000+00:00: offset -3.000000e-03 rep 4 -> OK  (estimate: H=0.1309, V=0.1323)
Cycle 2026-03-30 11:29:26.535000+00:00: offset -3.000000e-03 rep 5 -> OK  (estimate: H=0.1318, V=0.1333)
Applied SpsLowLevelRF/DpOverPOffset = +3.000000e-03
Cycle 2026-03-30 11:29:42.135000+00:00: offset +3.000000e-03 rep 1 -> OK  (estimate: H=0.1372, V=0.1787)
Cycle 2026-03-30 11:29:57.735000+00:00: offset +3.000000e-03 rep 2 -> OK  (estimate: H=0.1362, V=0.1807)
Cycle 2026-03-30 11:30:13.335000+00:00: offset +3.000000e-03 rep 3 -> OK  (estimate: H=0.1372, V=0.1792)
Cycle 2026-03-30 11:30:28.935000+00:00: offset +3.000000e-03 rep 4 -> OK  (estimate: H=0.1372, V=0.1807)

2026-04-29 17:20:46: Starting run with name 'Q_DPP_SCAN_CHROM_0.154_0.3_bis' and offsets [0.0, 0.0, -0.00025, 0.00025, -0.0005, 0.0005, -0.00075, 0.00075, -0.001, 0.001, -0.00125, 0.00125, -0.0015, 0.0015, -0.00175, 0.00175, -0.002, 0.002, -0.0022500000000000003, 0.0022500000000000003, -0.0025, 0.0025, -0.00275, 0.00275, -0.003, 0.003, -0.0032500000000000003, 0.0032500000000000003, -0.0035, 0.0035, -0.00375, 0.00375, -0.004, 0.004, -0.00425, 0.00425, -0.0045000000000000005, 0.0045000000000000005, -0.00475, 0.00475, -0.005, 0.005, -0.00525, 0.00525, -0.0055, 0.0055, -0.00575, 0.00575, -0.006, 0.006, -0.00625, 0.00625, -0.006500000000000001, 0.006500000000000001]
Applied SpsLowLevelRF/DpOverPOffset = +0.000000e+00
Cycle 2026-04-29 17:21:28.935000+00:00: offset +0.000000e+00 rep 1 -> OK  (estimate: H=0.1416, V=0.2100)

2026-04-29 17:25:10: Starting run with name 'Q_DPP_SCAN_CHROM_0.45_0.4_TUNE_20.13_20.21' and offsets [0.0, 0.0, -0.00025, 0.00025, -0.0005, 0.0005, -0.00075, 0.00075, -0.001, 0.001, -0.00125, 0.00125, -0.0015, 0.0015, -0.00175, 0.00175, -0.002, 0.002, -0.0022500000000000003, 0.0022500000000000003, -0.0025, 0.0025, -0.00275, 0.00275, -0.003, 0.003, -0.0032500000000000003, 0.0032500000000000003, -0.0035, 0.0035, -0.00375, 0.00375, -0.004, 0.004, -0.00425, 0.00425, -0.0045000000000000005, 0.0045000000000000005, -0.00475, 0.00475, -0.005, 0.005, -0.00525, 0.00525, -0.0055, 0.0055, -0.00575, 0.00575, -0.006, 0.006, -0.00625, 0.00625, -0.006500000000000001, 0.006500000000000001]
Applied SpsLowLevelRF/DpOverPOffset = +0.000000e+00
Cycle 2026-04-29 17:25:38.535000+00:00: offset +0.000000e+00 rep 1 -> OK  (estimate: H=0.1299, V=0.2100)
Cycle 2026-04-29 17:26:09.735000+00:00: offset +0.000000e+00 rep 2 -> OK  (estimate: H=0.1299, V=0.2092)
Cycle 2026-04-29 17:26:40.935000+00:00: offset +0.000000e+00 rep 3 -> OK  (estimate: H=0.1299, V=0.2102)
Cycle 2026-04-29 17:27:12.135000+00:00: offset +0.000000e+00 rep 4 -> OK  (estimate: H=0.1304, V=0.2095)
Cycle 2026-04-29 17:27:43.335000+00:00: offset +0.000000e+00 rep 5 -> OK  (estimate: H=0.1309, V=0.2100)
Applied SpsLowLevelRF/DpOverPOffset = -2.500000e-04
Cycle 2026-04-29 17:28:14.535000+00:00: offset -2.500000e-04 rep 1 -> OK  (estimate: H=0.1282, V=0.2095)
Cycle 2026-04-29 17:28:45.735000+00:00: offset -2.500000e-04 rep 2 -> OK  (estimate: H=0.1287, V=0.2087)
Cycle 2026-04-29 17:29:16.935000+00:00: offset -2.500000e-04 rep 3 -> OK  (estimate: H=0.1277, V=0.2092)
Cycle 2026-04-29 17:29:48.135000+00:00: offset -2.500000e-04 rep 4 -> OK  (estimate: H=0.1287, V=0.2083)
Cycle 2026-04-29 17:30:19.335000+00:00: offset -2.500000e-04 rep 5 -> OK  (estimate: H=0.1287, V=0.2092)
Applied SpsLowLevelRF/DpOverPOffset = +2.500000e-04
Cycle 2026-04-29 17:30:50.535000+00:00: offset +2.500000e-04 rep 1 -> OK  (estimate: H=0.1299, V=0.2109)
Cycle 2026-04-29 17:31:21.735000+00:00: offset +2.500000e-04 rep 2 -> OK  (estimate: H=0.1304, V=0.2109)
Cycle 2026-04-29 17:31:52.935000+00:00: offset +2.500000e-04 rep 3 -> OK  (estimate: H=0.1299, V=0.2100)
Cycle 2026-04-29 17:32:24.135000+00:00: offset +2.500000e-04 rep 4 -> OK  (estimate: H=0.1309, V=0.2095)
Cycle 2026-04-29 17:32:55.335000+00:00: offset +2.500000e-04 rep 5 -> OK  (estimate: H=0.1301, V=0.2100)
Applied SpsLowLevelRF/DpOverPOffset = -5.000000e-04
Cycle 2026-04-29 17:33:26.535000+00:00: offset -5.000000e-04 rep 1 -> OK  (estimate: H=0.1184, V=0.2078)
Cycle 2026-04-29 17:33:57.735000+00:00: offset -5.000000e-04 rep 2 -> OK  (estimate: H=0.1123, V=0.2078)
Cycle 2026-04-29 17:34:28.935000+00:00: offset -5.000000e-04 rep 3 -> OK  (estimate: H=0.1045, V=0.2087)
Cycle 2026-04-29 17:35:00.135000+00:00: offset -5.000000e-04 rep 4 -> OK  (estimate: H=0.1128, V=0.2073)
Cycle 2026-04-29 17:35:31.335000+00:00: offset -5.000000e-04 rep 5 -> OK  (estimate: H=0.1133, V=0.2073)
Applied SpsLowLevelRF/DpOverPOffset = +5.000000e-04
Cycle 2026-04-29 17:36:02.535000+00:00: offset +5.000000e-04 rep 1 -> OK  (estimate: H=0.1189, V=0.2109)
Cycle 2026-04-29 17:36:33.735000+00:00: offset +5.000000e-04 rep 2 -> OK  (estimate: H=0.1299, V=0.2104)
Cycle 2026-04-29 17:37:04.935000+00:00: offset +5.000000e-04 rep 3 -> OK  (estimate: H=0.1299, V=0.2100)
Cycle 2026-04-29 17:37:36.135000+00:00: offset +5.000000e-04 rep 4 -> OK  (estimate: H=0.1304, V=0.2104)
Cycle 2026-04-29 17:38:07.335000+00:00: offset +5.000000e-04 rep 5 -> OK  (estimate: H=0.1296, V=0.2104)
Applied SpsLowLevelRF/DpOverPOffset = -7.500000e-04
Cycle 2026-04-29 17:38:38.535000+00:00: offset -7.500000e-04 rep 1 -> OK  (estimate: H=0.1133, V=0.2073)
Cycle 2026-04-29 17:39:09.735000+00:00: offset -7.500000e-04 rep 2 -> OK  (estimate: H=0.1128, V=0.2051)
Cycle 2026-04-29 17:39:40.935000+00:00: offset -7.500000e-04 rep 3 -> OK  (estimate: H=0.1123, V=0.2083)

2026-05-26 21:28:01: Starting run with name 'Q_DPP_SCAN_CHROM_0.45_0.4_TUNE_20.13_20.21' and offsets [0.0, 0.0, -0.00025, 0.00025, -0.0005, 0.0005, -0.00075, 0.00075, -0.001, 0.001, -0.00125, 0.00125, -0.0015, 0.0015, -0.00175, 0.00175, -0.002, 0.002, -0.0022500000000000003, 0.0022500000000000003, -0.0025, 0.0025, -0.00275, 0.00275, -0.003, 0.003, -0.0032500000000000003, 0.0032500000000000003, -0.0035, 0.0035, -0.00375, 0.00375, -0.004, 0.004, -0.00425, 0.00425, -0.0045000000000000005, 0.0045000000000000005, -0.00475, 0.00475, -0.005, 0.005, -0.00525, 0.00525, -0.0055, 0.0055, -0.00575, 0.00575, -0.006, 0.006, -0.00625, 0.00625, -0.006500000000000001, 0.006500000000000001]
Applied SpsLowLevelRF/DpOverPOffset = +0.000000e+00
Cycle 2026-05-26 21:28:06.135000+00:00: offset +0.000000e+00 rep 1 -> OK  (estimate: H=0.1309, V=0.2100)
Applied SpsLowLevelRF/DpOverPOffset = +0.000000e+00
Cycle 2026-05-26 21:28:21.735000+00:00: offset +0.000000e+00 rep 1 -> OK  (estimate: H=0.1309, V=0.2100)
Applied SpsLowLevelRF/DpOverPOffset = -2.500000e-04
Cycle 2026-05-26 21:28:40.935000+00:00: offset -2.500000e-04 rep 1 -> OK  (estimate: H=0.1294, V=0.2095)
Applied SpsLowLevelRF/DpOverPOffset = +2.500000e-04
Cycle 2026-05-26 21:28:56.535000+00:00: offset +2.500000e-04 rep 1 -> OK  (estimate: H=0.1309, V=0.2100)
Applied SpsLowLevelRF/DpOverPOffset = -5.000000e-04
Cycle 2026-05-26 21:29:12.135000+00:00: offset -5.000000e-04 rep 1 -> OK  (estimate: H=0.1274, V=0.2085)
Applied SpsLowLevelRF/DpOverPOffset = +5.000000e-04
Cycle 2026-05-26 21:29:31.335000+00:00: offset +5.000000e-04 rep 1 -> OK  (estimate: H=0.1309, V=0.2100)
Applied SpsLowLevelRF/DpOverPOffset = -7.500000e-04
Cycle 2026-05-26 21:29:46.935000+00:00: offset -7.500000e-04 rep 1 -> OK  (estimate: H=0.1221, V=0.2075)
Cycle 2026-05-26 21:30:02.535000+00:00: offset -7.500000e-04 rep 4 -> OK  (estimate: H=0.1221, V=0.2075)
Cycle 2026-05-26 21:30:21.735000+00:00: offset -7.500000e-04 rep 5 -> OK  (estimate: H=0.1265, V=0.2075)
Applied SpsLowLevelRF/DpOverPOffset = +7.500000e-04
Cycle 2026-05-26 21:30:37.335000+00:00: offset +7.500000e-04 rep 1 -> OK  (estimate: H=0.1309, V=0.2100)
Cycle 2026-05-26 21:30:52.935000+00:00: offset +7.500000e-04 rep 2 -> OK  (estimate: H=0.1318, V=0.2100)
Cycle 2026-05-26 21:31:12.135000+00:00: offset +7.500000e-04 rep 3 -> OK  (estimate: H=0.1309, V=0.2100)
Cycle 2026-05-26 21:31:27.735000+00:00: offset +7.500000e-04 rep 4 -> OK  (estimate: H=0.1309, V=0.2109)
Cycle 2026-05-26 21:31:43.335000+00:00: offset +7.500000e-04 rep 5 -> OK  (estimate: H=0.1309, V=0.2090)

2026-05-26 21:39:26: Starting run with name 'Q_DPP_SCAN_CHROM_0.45_0.4_TUNE_20.13_20.21' and offsets [0.0, 0.0, -0.00025, 0.00025, -0.0005, 0.0005, -0.00075, 0.00075, -0.001, 0.001, -0.00125, 0.00125, -0.0015, 0.0015, -0.00175, 0.00175, -0.002, 0.002, -0.0022500000000000003, 0.0022500000000000003, -0.0025, 0.0025, -0.00275, 0.00275, -0.003, 0.003, -0.0032500000000000003, 0.0032500000000000003, -0.0035, 0.0035, -0.00375, 0.00375, -0.004, 0.004, -0.00425, 0.00425, -0.0045000000000000005, 0.0045000000000000005, -0.00475, 0.00475, -0.005, 0.005, -0.00525, 0.00525, -0.0055, 0.0055, -0.00575, 0.00575, -0.006, 0.006, -0.00625, 0.00625, -0.006500000000000001, 0.006500000000000001]
Applied SpsLowLevelRF/DpOverPOffset = +0.000000e+00
Cycle 2026-05-26 21:39:51.735000+00:00: offset +0.000000e+00 rep 1 -> OK  (estimate: H=0.1309, V=0.2100)
Applied SpsLowLevelRF/DpOverPOffset = +0.000000e+00
Cycle 2026-05-26 21:40:07.335000+00:00: offset +0.000000e+00 rep 1 -> OK  (estimate: H=0.1309, V=0.2100)
Applied SpsLowLevelRF/DpOverPOffset = -2.500000e-04
Cycle 2026-05-26 21:40:26.535000+00:00: offset -2.500000e-04 rep 1 -> OK  (estimate: H=0.1284, V=0.2090)
Applied SpsLowLevelRF/DpOverPOffset = +2.500000e-04

2026-05-26 21:57:30: Starting run with name 'Q_DPP_SCAN_CHROM_0.45_0.4_TUNE_20.13_20.21' and offsets [0.0, 0.0, -0.00025, 0.00025, -0.0005, 0.0005, -0.00075, 0.00075, -0.001, 0.001, -0.00125, 0.00125, -0.0015, 0.0015, -0.00175, 0.00175, -0.002, 0.002, -0.0022500000000000003, 0.0022500000000000003, -0.0025, 0.0025, -0.00275, 0.00275, -0.003, 0.003, -0.0032500000000000003, 0.0032500000000000003, -0.0035, 0.0035, -0.00375, 0.00375, -0.004, 0.004, -0.00425, 0.00425, -0.0045000000000000005, 0.0045000000000000005, -0.00475, 0.00475, -0.005, 0.005, -0.00525, 0.00525, -0.0055, 0.0055, -0.00575, 0.00575, -0.006, 0.006, -0.00625, 0.00625, -0.006500000000000001, 0.006500000000000001]
Applied SpsLowLevelRF/DpOverPOffset = +0.000000e+00
Cycle 2026-05-26 21:57:30.135000+00:00: offset +0.000000e+00 rep 1 -> ERROR. Settings were not set in time (2026-05-26 21:57:31.849198+00:00). Trying again.
Cycle 2026-05-26 21:57:45.735000+00:00: offset +0.000000e+00 rep 1 -> OK  (estimate: H=0.1304, V=0.2104)
Applied SpsLowLevelRF/DpOverPOffset = +2.500000e-04
Cycle 2026-05-26 21:58:04.935000+00:00: offset +2.500000e-04 rep 1 -> OK  (estimate: H=0.1318, V=0.2109)
Cycle 2026-05-26 21:58:20.535000+00:00: offset +2.500000e-04 rep 2 -> OK  (estimate: H=0.1318, V=0.2100)

2026-05-26 22:02:53: Starting run with name 'Q_DPP_SCAN_CHROM_0.45_0.4_TUNE_20.13_20.21' and offsets [0.0, 0.0, -0.00025, 0.00025, -0.0005, 0.0005, -0.00075, 0.00075, -0.001, 0.001, -0.00125, 0.00125, -0.0015, 0.0015, -0.00175, 0.00175, -0.002, 0.002, -0.0022500000000000003, 0.0022500000000000003, -0.0025, 0.0025, -0.00275, 0.00275, -0.003, 0.003, -0.0032500000000000003, 0.0032500000000000003, -0.0035, 0.0035, -0.00375, 0.00375, -0.004, 0.004, -0.00425, 0.00425, -0.0045000000000000005, 0.0045000000000000005, -0.00475, 0.00475, -0.005, 0.005, -0.00525, 0.00525, -0.0055, 0.0055, -0.00575, 0.00575, -0.006, 0.006, -0.00625, 0.00625, -0.006500000000000001, 0.006500000000000001]
Applied SpsLowLevelRF/DpOverPOffset = +0.000000e+00
Cycle 2026-05-26 22:03:22.935000+00:00: offset +0.000000e+00 rep 1 -> OK  (estimate: H=0.1299, V=0.2090)
Cycle 2026-05-26 22:03:38.535000+00:00: offset +2.500000e-04 rep 3 -> OK  (estimate: H=0.1304, V=0.2104)
Cycle 2026-05-26 22:03:57.735000+00:00: offset +2.500000e-04 rep 4 -> OK  (estimate: H=0.1304, V=0.2100)

2026-05-26 22:14:12: Starting run with name 'Q_DPP_SCAN_CHROM_0.45_0.4_TUNE_20.13_20.21' and offsets [0.0, -0.00025, 0.00025, -0.0005, 0.0005, -0.00075, 0.00075, -0.001, 0.001, -0.00125, 0.00125, -0.0015, 0.0015, -0.00175, 0.00175, -0.002, 0.002, -0.0022500000000000003, 0.0022500000000000003, -0.0025, 0.0025, -0.00275, 0.00275, -0.003, 0.003, -0.0032500000000000003, 0.0032500000000000003, -0.0035, 0.0035, -0.00375, 0.00375, -0.004, 0.004, -0.00425, 0.00425, -0.0045000000000000005, 0.0045000000000000005, -0.00475, 0.00475, -0.005, 0.005, -0.00525, 0.00525, -0.0055, 0.0055, -0.00575, 0.00575, -0.006, 0.006, -0.00625, 0.00625, -0.006500000000000001, 0.006500000000000001]
Applied SpsLowLevelRF/DpOverPOffset = +2.500000e-04
Cycle 2026-05-26 22:14:18.135000+00:00: offset +2.500000e-04 rep 1 -> OK  (estimate: H=0.1318, V=0.2109)
Cycle 2026-05-26 22:14:33.735000+00:00: offset +2.500000e-04 rep 2 -> OK  (estimate: H=0.1328, V=0.2109)
Cycle 2026-05-26 22:14:52.935000+00:00: offset +2.500000e-04 rep 3 -> OK  (estimate: H=0.1318, V=0.2100)
Cycle 2026-05-26 22:15:08.535000+00:00: offset +2.500000e-04 rep 4 -> OK  (estimate: H=0.1328, V=0.2100)
Cycle 2026-05-26 22:15:24.135000+00:00: offset +2.500000e-04 rep 5 -> OK  (estimate: H=0.1328, V=0.2109)
Applied SpsLowLevelRF/DpOverPOffset = +5.000000e-04
Cycle 2026-05-26 22:15:43.335000+00:00: offset +5.000000e-04 rep 1 -> OK  (estimate: H=0.1338, V=0.2119)
Cycle 2026-05-26 22:15:58.935000+00:00: offset +5.000000e-04 rep 2 -> OK  (estimate: H=0.1372, V=0.2109)
Cycle 2026-05-26 22:16:14.535000+00:00: offset +5.000000e-04 rep 3 -> OK  (estimate: H=0.1362, V=0.2109)
Cycle 2026-05-26 22:16:33.735000+00:00: offset +5.000000e-04 rep 4 -> OK  (estimate: H=0.1460, V=0.2119)
Cycle 2026-05-26 22:16:49.335000+00:00: offset +5.000000e-04 rep 5 -> OK  (estimate: H=0.1460, V=0.2109)
Applied SpsLowLevelRF/DpOverPOffset = +7.500000e-04
Cycle 2026-05-26 22:17:04.935000+00:00: offset +7.500000e-04 rep 1 -> OK  (estimate: H=0.1382, V=0.2129)
Cycle 2026-05-26 22:17:24.135000+00:00: offset +7.500000e-04 rep 2 -> OK  (estimate: H=0.1382, V=0.2129)
Cycle 2026-05-26 22:17:39.735000+00:00: offset +7.500000e-04 rep 3 -> OK  (estimate: H=0.1392, V=0.2129)
Cycle 2026-05-26 22:17:55.335000+00:00: offset +7.500000e-04 rep 4 -> OK  (estimate: H=0.1392, V=0.2129)
Cycle 2026-05-26 22:18:14.535000+00:00: offset +7.500000e-04 rep 5 -> OK  (estimate: H=0.1382, V=0.2129)
Applied SpsLowLevelRF/DpOverPOffset = -1.000000e-03
Cycle 2026-05-26 22:18:30.135000+00:00: offset -1.000000e-03 rep 1 -> OK  (estimate: H=0.1221, V=0.2065)
Cycle 2026-05-26 22:18:45.735000+00:00: offset -1.000000e-03 rep 2 -> OK  (estimate: H=0.1221, V=0.2065)
Cycle 2026-05-26 22:19:04.935000+00:00: offset -1.000000e-03 rep 3 -> OK  (estimate: H=0.1211, V=0.2075)
Cycle 2026-05-26 22:19:20.535000+00:00: offset -1.000000e-03 rep 4 -> OK  (estimate: H=0.1221, V=0.2031)
Cycle 2026-05-26 22:19:36.135000+00:00: offset -1.000000e-03 rep 5 -> OK  (estimate: H=0.1221, V=0.2065)
Applied SpsLowLevelRF/DpOverPOffset = +1.000000e-03
Cycle 2026-05-26 22:19:55.335000+00:00: offset +1.000000e-03 rep 1 -> OK  (estimate: H=0.1406, V=0.2139)
Cycle 2026-05-26 22:20:10.935000+00:00: offset +1.000000e-03 rep 2 -> OK  (estimate: H=0.1401, V=0.2139)
Cycle 2026-05-26 22:20:26.535000+00:00: offset +1.000000e-03 rep 3 -> OK  (estimate: H=0.1401, V=0.2129)
Cycle 2026-05-26 22:20:45.735000+00:00: offset +1.000000e-03 rep 4 -> OK  (estimate: H=0.1401, V=0.2139)
Cycle 2026-05-26 22:21:01.335000+00:00: offset +1.000000e-03 rep 5 -> OK  (estimate: H=0.1401, V=0.2139)
Applied SpsLowLevelRF/DpOverPOffset = -1.250000e-03
Cycle 2026-05-26 22:21:16.935000+00:00: offset -1.250000e-03 rep 1 -> OK  (estimate: H=0.1211, V=0.2021)
Cycle 2026-05-26 22:21:36.135000+00:00: offset -1.250000e-03 rep 2 -> OK  (estimate: H=0.1201, V=0.2021)
Cycle 2026-05-26 22:21:51.735000+00:00: offset -1.250000e-03 rep 3 -> OK  (estimate: H=0.1211, V=0.2056)
Cycle 2026-05-26 22:22:07.335000+00:00: offset -1.250000e-03 rep 4 -> OK  (estimate: H=0.1211, V=0.2021)
Cycle 2026-05-26 22:22:26.535000+00:00: offset -1.250000e-03 rep 5 -> OK  (estimate: H=0.1211, V=0.2031)
Applied SpsLowLevelRF/DpOverPOffset = +1.250000e-03
Cycle 2026-05-26 22:22:42.135000+00:00: offset +1.250000e-03 rep 1 -> OK  (estimate: H=0.1416, V=0.2173)
Cycle 2026-05-26 22:22:57.735000+00:00: offset +1.250000e-03 rep 2 -> OK  (estimate: H=0.1416, V=0.2139)
Cycle 2026-05-26 22:23:16.935000+00:00: offset +1.250000e-03 rep 3 -> OK  (estimate: H=0.1416, V=0.2139)
Cycle 2026-05-26 22:23:32.535000+00:00: offset +1.250000e-03 rep 4 -> OK  (estimate: H=0.1426, V=0.2148)
Cycle 2026-05-26 22:23:48.135000+00:00: offset +1.250000e-03 rep 5 -> OK  (estimate: H=0.1416, V=0.2139)
Applied SpsLowLevelRF/DpOverPOffset = -1.500000e-03
Cycle 2026-05-26 22:24:07.335000+00:00: offset -1.500000e-03 rep 1 -> OK  (estimate: H=0.1196, V=0.2012)
Cycle 2026-05-26 22:24:22.935000+00:00: offset -1.500000e-03 rep 2 -> OK  (estimate: H=0.1196, V=0.2021)
Cycle 2026-05-26 22:24:38.535000+00:00: offset -1.500000e-03 rep 3 -> OK  (estimate: H=0.1196, V=0.2021)
Cycle 2026-05-26 22:24:57.735000+00:00: offset -1.500000e-03 rep 4 -> OK  (estimate: H=0.1196, V=0.2012)
Cycle 2026-05-26 22:25:13.335000+00:00: offset -1.500000e-03 rep 5 -> OK  (estimate: H=0.1196, V=0.2021)
Applied SpsLowLevelRF/DpOverPOffset = +1.500000e-03
Cycle 2026-05-26 22:25:28.935000+00:00: offset +1.500000e-03 rep 1 -> OK  (estimate: H=0.1436, V=0.2183)
Cycle 2026-05-26 22:25:48.135000+00:00: offset +1.500000e-03 rep 2 -> OK  (estimate: H=0.1426, V=0.2183)
Cycle 2026-05-26 22:26:03.735000+00:00: offset +1.500000e-03 rep 3 -> OK  (estimate: H=0.1426, V=0.2173)
Cycle 2026-05-26 22:26:19.335000+00:00: offset +1.500000e-03 rep 4 -> OK  (estimate: H=0.1426, V=0.2183)
Cycle 2026-05-26 22:26:38.535000+00:00: offset +1.500000e-03 rep 5 -> OK  (estimate: H=0.1436, V=0.2183)
Applied SpsLowLevelRF/DpOverPOffset = -1.750000e-03
Cycle 2026-05-26 22:26:54.135000+00:00: offset -1.750000e-03 rep 1 -> OK  (estimate: H=0.1187, V=0.2002)
Cycle 2026-05-26 22:27:09.735000+00:00: offset -1.750000e-03 rep 2 -> OK  (estimate: H=0.1187, V=0.2002)
Cycle 2026-05-26 22:27:28.935000+00:00: offset -1.750000e-03 rep 3 -> OK  (estimate: H=0.1187, V=0.2002)
Cycle 2026-05-26 22:27:44.535000+00:00: offset -1.750000e-03 rep 4 -> OK  (estimate: H=0.1196, V=0.2002)
Cycle 2026-05-26 22:28:00.135000+00:00: offset -1.750000e-03 rep 5 -> OK  (estimate: H=0.1187, V=0.2002)
Applied SpsLowLevelRF/DpOverPOffset = +1.750000e-03
Cycle 2026-05-26 22:28:19.335000+00:00: offset +1.750000e-03 rep 1 -> OK  (estimate: H=0.1470, V=0.2183)
Cycle 2026-05-26 22:28:34.935000+00:00: offset +1.750000e-03 rep 2 -> OK  (estimate: H=0.1470, V=0.2192)
Cycle 2026-05-26 22:28:50.535000+00:00: offset +1.750000e-03 rep 3 -> OK  (estimate: H=0.1470, V=0.2188)
Cycle 2026-05-26 22:29:09.735000+00:00: offset +1.750000e-03 rep 4 -> OK  (estimate: H=0.1470, V=0.2192)
Cycle 2026-05-26 22:29:25.335000+00:00: offset +1.750000e-03 rep 5 -> OK  (estimate: H=0.1470, V=0.2192)
Applied SpsLowLevelRF/DpOverPOffset = -2.000000e-03
Cycle 2026-05-26 22:29:40.935000+00:00: offset -2.000000e-03 rep 1 -> OK  (estimate: H=0.1177, V=0.1992)
Cycle 2026-05-26 22:30:00.135000+00:00: offset -2.000000e-03 rep 2 -> OK  (estimate: H=0.1177, V=0.1997)
Cycle 2026-05-26 22:30:15.735000+00:00: offset -2.000000e-03 rep 3 -> OK  (estimate: H=0.1187, V=0.1992)
Cycle 2026-05-26 22:30:31.335000+00:00: offset -2.000000e-03 rep 4 -> OK  (estimate: H=0.1177, V=0.1987)
Cycle 2026-05-26 22:30:50.535000+00:00: offset -2.000000e-03 rep 5 -> OK  (estimate: H=0.1177, V=0.1987)
Applied SpsLowLevelRF/DpOverPOffset = +2.000000e-03
Cycle 2026-05-26 22:31:06.135000+00:00: offset +2.000000e-03 rep 1 -> OK  (estimate: H=0.1484, V=0.2207)
Cycle 2026-05-26 22:31:21.735000+00:00: offset +2.000000e-03 rep 2 -> OK  (estimate: H=0.1489, V=0.2197)
Cycle 2026-05-26 22:31:40.935000+00:00: offset +2.000000e-03 rep 3 -> OK  (estimate: H=0.1489, V=0.2207)
Cycle 2026-05-26 22:31:56.535000+00:00: offset +2.000000e-03 rep 4 -> OK  (estimate: H=0.1479, V=0.2197)
Cycle 2026-05-26 22:32:12.135000+00:00: offset +2.000000e-03 rep 5 -> OK  (estimate: H=0.1479, V=0.2197)
Applied SpsLowLevelRF/DpOverPOffset = -2.250000e-03
Cycle 2026-05-26 22:32:31.335000+00:00: offset -2.250000e-03 rep 1 -> OK  (estimate: H=0.1177, V=0.1978)
Cycle 2026-05-26 22:32:46.935000+00:00: offset -2.250000e-03 rep 2 -> OK  (estimate: H=0.1177, V=0.1968)
Cycle 2026-05-26 22:33:02.535000+00:00: offset -2.250000e-03 rep 3 -> OK  (estimate: H=0.1167, V=0.1968)
Cycle 2026-05-26 22:33:21.735000+00:00: offset -2.250000e-03 rep 4 -> OK  (estimate: H=0.1177, V=0.1978)
Cycle 2026-05-26 22:33:37.335000+00:00: offset -2.250000e-03 rep 5 -> OK  (estimate: H=0.1177, V=0.1968)
Applied SpsLowLevelRF/DpOverPOffset = +2.250000e-03
Cycle 2026-05-26 22:33:52.935000+00:00: offset +2.250000e-03 rep 1 -> OK  (estimate: H=0.1489, V=0.2217)
Cycle 2026-05-26 22:34:12.135000+00:00: offset +2.250000e-03 rep 2 -> OK  (estimate: H=0.1499, V=0.2217)
Cycle 2026-05-26 22:34:27.735000+00:00: offset +2.250000e-03 rep 3 -> OK  (estimate: H=0.1494, V=0.2207)
Cycle 2026-05-26 22:34:43.335000+00:00: offset +2.250000e-03 rep 4 -> OK  (estimate: H=0.1499, V=0.2227)
Cycle 2026-05-26 22:35:02.535000+00:00: offset +2.250000e-03 rep 5 -> OK  (estimate: H=0.1494, V=0.2217)
Applied SpsLowLevelRF/DpOverPOffset = -2.500000e-03
Cycle 2026-05-26 22:35:18.135000+00:00: offset -2.500000e-03 rep 1 -> OK  (estimate: H=0.1143, V=0.1152)
Cycle 2026-05-26 22:35:33.735000+00:00: offset -2.500000e-03 rep 2 -> OK  (estimate: H=0.1152, V=0.1157)
Cycle 2026-05-26 22:35:52.935000+00:00: offset -2.500000e-03 rep 3 -> OK  (estimate: H=0.1143, V=0.1152)
Cycle 2026-05-26 22:36:08.535000+00:00: offset -2.500000e-03 rep 4 -> OK  (estimate: H=0.1177, V=0.1157)
Cycle 2026-05-26 22:36:24.135000+00:00: offset -2.500000e-03 rep 5 -> OK  (estimate: H=0.1143, V=0.1958)
Applied SpsLowLevelRF/DpOverPOffset = +2.500000e-03
Cycle 2026-05-26 22:36:43.335000+00:00: offset +2.500000e-03 rep 1 -> OK  (estimate: H=0.1509, V=0.2227)
Cycle 2026-05-26 22:36:58.935000+00:00: offset +2.500000e-03 rep 2 -> OK  (estimate: H=0.1504, V=0.2217)
Cycle 2026-05-26 22:37:14.535000+00:00: offset +2.500000e-03 rep 3 -> OK  (estimate: H=0.1504, V=0.2261)
Cycle 2026-05-26 22:37:33.735000+00:00: offset +2.500000e-03 rep 4 -> OK  (estimate: H=0.1509, V=0.2227)
Cycle 2026-05-26 22:37:49.335000+00:00: offset +2.500000e-03 rep 5 -> OK  (estimate: H=0.1509, V=0.2217)
Applied SpsLowLevelRF/DpOverPOffset = -2.750000e-03
Cycle 2026-05-26 22:38:04.935000+00:00: offset -2.750000e-03 rep 1 -> OK  (estimate: H=0.1143, V=0.1152)
Cycle 2026-05-26 22:38:24.135000+00:00: offset -2.750000e-03 rep 2 -> OK  (estimate: H=0.1143, V=0.1152)
Cycle 2026-05-26 22:38:39.735000+00:00: offset -2.750000e-03 rep 3 -> OK  (estimate: H=0.1143, V=0.1147)
Cycle 2026-05-26 22:38:55.335000+00:00: offset -2.750000e-03 rep 4 -> OK  (estimate: H=0.1147, V=0.1157)
Cycle 2026-05-26 22:39:14.535000+00:00: offset -2.750000e-03 rep 5 -> OK  (estimate: H=0.1143, V=0.1914)
Applied SpsLowLevelRF/DpOverPOffset = +2.750000e-03
Cycle 2026-05-26 22:39:30.135000+00:00: offset +2.750000e-03 rep 1 -> OK  (estimate: H=0.1523, V=0.2280)
Cycle 2026-05-26 22:39:45.735000+00:00: offset +2.750000e-03 rep 2 -> OK  (estimate: H=0.1523, V=0.2280)
Cycle 2026-05-26 22:40:04.935000+00:00: offset +2.750000e-03 rep 3 -> OK  (estimate: H=0.1514, V=0.2280)
Cycle 2026-05-26 22:40:20.535000+00:00: offset +2.750000e-03 rep 4 -> OK  (estimate: H=0.1514, V=0.2271)
Cycle 2026-05-26 22:40:36.135000+00:00: offset +2.750000e-03 rep 5 -> OK  (estimate: H=0.1514, V=0.2280)
Applied SpsLowLevelRF/DpOverPOffset = -3.000000e-03
Cycle 2026-05-26 22:40:55.335000+00:00: offset -3.000000e-03 rep 1 -> OK  (estimate: H=0.1128, V=0.1147)
Cycle 2026-05-26 22:41:10.935000+00:00: offset -3.000000e-03 rep 2 -> OK  (estimate: H=0.1143, V=0.1978)
Cycle 2026-05-26 22:41:26.535000+00:00: offset -3.000000e-03 rep 3 -> OK  (estimate: H=0.1143, V=0.1157)
Cycle 2026-05-26 22:41:45.735000+00:00: offset -3.000000e-03 rep 4 -> OK  (estimate: H=0.1143, V=0.1147)
Cycle 2026-05-26 22:42:01.335000+00:00: offset -3.000000e-03 rep 5 -> OK  (estimate: H=0.1143, V=0.1978)
Applied SpsLowLevelRF/DpOverPOffset = +3.000000e-03
Cycle 2026-05-26 22:42:16.935000+00:00: offset +3.000000e-03 rep 1 -> OK  (estimate: H=0.1523, V=0.1538)
Cycle 2026-05-26 22:42:36.135000+00:00: offset +3.000000e-03 rep 2 -> OK  (estimate: H=0.1523, V=0.2290)
Cycle 2026-05-26 22:42:51.735000+00:00: offset +3.000000e-03 rep 3 -> OK  (estimate: H=0.1523, V=0.2290)
Cycle 2026-05-26 22:43:07.335000+00:00: offset +3.000000e-03 rep 4 -> OK  (estimate: H=0.1523, V=0.2295)
Cycle 2026-05-26 22:43:26.535000+00:00: offset +3.000000e-03 rep 5 -> OK  (estimate: H=0.1523, V=0.1528)
Applied SpsLowLevelRF/DpOverPOffset = -3.250000e-03
Cycle 2026-05-26 22:43:42.135000+00:00: offset -3.250000e-03 rep 1 -> OK  (estimate: H=0.1133, V=0.1143)
Cycle 2026-05-26 22:43:57.735000+00:00: offset -3.250000e-03 rep 2 -> OK  (estimate: H=0.1128, V=0.1147)
Cycle 2026-05-26 22:44:16.935000+00:00: offset -3.250000e-03 rep 3 -> OK  (estimate: H=0.1133, V=0.1143)
Cycle 2026-05-26 22:44:32.535000+00:00: offset -3.250000e-03 rep 4 -> OK  (estimate: H=0.1133, V=0.1143)
Cycle 2026-05-26 22:44:48.135000+00:00: offset -3.250000e-03 rep 5 -> OK  (estimate: H=0.1143, V=0.1147)
Applied SpsLowLevelRF/DpOverPOffset = +3.250000e-03
Cycle 2026-05-26 22:45:07.335000+00:00: offset +3.250000e-03 rep 1 -> OK  (estimate: H=0.1533, V=0.1538)
Cycle 2026-05-26 22:45:22.935000+00:00: offset +3.250000e-03 rep 2 -> OK  (estimate: H=0.1548, V=0.1538)
Cycle 2026-05-26 22:45:38.535000+00:00: offset +3.250000e-03 rep 3 -> OK  (estimate: H=0.1528, V=0.1538)
Cycle 2026-05-26 22:45:57.735000+00:00: offset +3.250000e-03 rep 4 -> OK  (estimate: H=0.1538, V=0.1548)
Cycle 2026-05-26 22:46:13.335000+00:00: offset +3.250000e-03 rep 5 -> OK  (estimate: H=0.1523, V=0.1533)
Applied SpsLowLevelRF/DpOverPOffset = -3.500000e-03
Cycle 2026-05-26 22:46:28.935000+00:00: offset -3.500000e-03 rep 1 -> OK  (estimate: H=0.1123, V=0.1143)
Cycle 2026-05-26 22:46:48.135000+00:00: offset -3.500000e-03 rep 2 -> OK  (estimate: H=0.1133, V=0.1138)
Cycle 2026-05-26 22:47:03.735000+00:00: offset -3.500000e-03 rep 3 -> OK  (estimate: H=0.1118, V=0.1138)
Cycle 2026-05-26 22:47:19.335000+00:00: offset -3.500000e-03 rep 4 -> OK  (estimate: H=0.1133, V=0.1147)
Cycle 2026-05-26 22:47:38.535000+00:00: offset -3.500000e-03 rep 5 -> OK  (estimate: H=0.1133, V=0.1138)
Applied SpsLowLevelRF/DpOverPOffset = +3.500000e-03
Cycle 2026-05-26 22:47:54.135000+00:00: offset +3.500000e-03 rep 1 -> OK  (estimate: H=0.1533, V=0.1543)
Cycle 2026-05-26 22:48:09.735000+00:00: offset +3.500000e-03 rep 2 -> OK  (estimate: H=0.1548, V=0.1538)
Cycle 2026-05-26 22:48:28.935000+00:00: offset +3.500000e-03 rep 3 -> OK  (estimate: H=0.1533, V=0.1543)
Cycle 2026-05-26 22:48:44.535000+00:00: offset +3.500000e-03 rep 4 -> OK  (estimate: H=0.1533, V=0.1543)
Cycle 2026-05-26 22:49:00.135000+00:00: offset +3.500000e-03 rep 5 -> OK  (estimate: H=0.1533, V=0.1543)
Applied SpsLowLevelRF/DpOverPOffset = -3.750000e-03
Cycle 2026-05-26 22:49:19.335000+00:00: offset -3.750000e-03 rep 1 -> OK  (estimate: H=0.1128, V=0.1138)
Cycle 2026-05-26 22:49:34.935000+00:00: offset -3.750000e-03 rep 2 -> OK  (estimate: H=0.1128, V=0.1138)
Cycle 2026-05-26 22:49:50.535000+00:00: offset -3.750000e-03 rep 3 -> OK  (estimate: H=0.1133, V=0.1138)
Cycle 2026-05-26 22:50:09.735000+00:00: offset -3.750000e-03 rep 4 -> OK  (estimate: H=0.1133, V=0.1138)
Cycle 2026-05-26 22:50:25.335000+00:00: offset -3.750000e-03 rep 5 -> OK  (estimate: H=0.1133, V=0.1143)
Applied SpsLowLevelRF/DpOverPOffset = +3.750000e-03
Cycle 2026-05-26 22:50:40.935000+00:00: offset +3.750000e-03 rep 1 -> OK  (estimate: H=0.1558, V=0.1548)
Cycle 2026-05-26 22:51:00.135000+00:00: offset +3.750000e-03 rep 2 -> OK  (estimate: H=0.1558, V=0.1548)
Cycle 2026-05-26 22:51:15.735000+00:00: offset +3.750000e-03 rep 3 -> OK  (estimate: H=0.1558, V=0.1548)
Cycle 2026-05-26 22:51:31.335000+00:00: offset +3.750000e-03 rep 4 -> OK  (estimate: H=0.1558, V=0.1548)
Cycle 2026-05-26 22:51:50.535000+00:00: offset +3.750000e-03 rep 5 -> OK  (estimate: H=0.1533, V=0.1543)
Applied SpsLowLevelRF/DpOverPOffset = -4.000000e-03
Cycle 2026-05-26 22:52:06.135000+00:00: offset -4.000000e-03 rep 1 -> OK  (estimate: H=0.1123, V=0.1138)
Cycle 2026-05-26 22:52:21.735000+00:00: offset -4.000000e-03 rep 2 -> OK  (estimate: H=0.1123, V=0.1138)
Cycle 2026-05-26 22:52:40.935000+00:00: offset -4.000000e-03 rep 3 -> OK  (estimate: H=0.1123, V=0.1870)
Cycle 2026-05-26 22:52:56.535000+00:00: offset -4.000000e-03 rep 4 -> OK  (estimate: H=0.1123, V=0.1133)
Cycle 2026-05-26 22:53:12.135000+00:00: offset -4.000000e-03 rep 5 -> OK  (estimate: H=0.1123, V=0.1143)
Applied SpsLowLevelRF/DpOverPOffset = +4.000000e-03
Cycle 2026-05-26 22:53:31.335000+00:00: offset +4.000000e-03 rep 1 -> OK  (estimate: H=0.1558, V=0.1548)
Cycle 2026-05-26 22:53:46.935000+00:00: offset +4.000000e-03 rep 2 -> OK  (estimate: H=0.1558, V=0.1548)
Cycle 2026-05-26 22:54:02.535000+00:00: offset +4.000000e-03 rep 3 -> OK  (estimate: H=0.1533, V=0.1543)
Cycle 2026-05-26 22:54:21.735000+00:00: offset +4.000000e-03 rep 4 -> OK  (estimate: H=0.1558, V=0.1548)
Cycle 2026-05-26 22:54:37.335000+00:00: offset +4.000000e-03 rep 5 -> OK  (estimate: H=0.1543, V=0.1548)
Applied SpsLowLevelRF/DpOverPOffset = -4.250000e-03
Cycle 2026-05-26 22:54:52.935000+00:00: offset -4.250000e-03 rep 1 -> OK  (estimate: H=0.1123, V=0.1128)
Cycle 2026-05-26 22:55:12.135000+00:00: offset -4.250000e-03 rep 2 -> OK  (estimate: H=0.1123, V=0.1128)
Cycle 2026-05-26 22:55:27.735000+00:00: offset -4.250000e-03 rep 3 -> OK  (estimate: H=0.1123, V=0.1128)
Cycle 2026-05-26 22:55:43.335000+00:00: offset -4.250000e-03 rep 4 -> OK  (estimate: H=0.1128, V=0.1138)
Cycle 2026-05-26 22:56:02.535000+00:00: offset -4.250000e-03 rep 5 -> OK  (estimate: H=0.1113, V=0.1772)
Applied SpsLowLevelRF/DpOverPOffset = +4.250000e-03
Cycle 2026-05-26 22:56:18.135000+00:00: offset +4.250000e-03 rep 1 -> OK  (estimate: H=0.1538, V=0.1548)
Cycle 2026-05-26 22:56:33.735000+00:00: offset +4.250000e-03 rep 2 -> OK  (estimate: H=0.1548, V=0.1533)
Cycle 2026-05-26 22:56:52.935000+00:00: offset +4.250000e-03 rep 3 -> OK  (estimate: H=0.1533, V=0.1538)
Cycle 2026-05-26 22:57:08.535000+00:00: offset +4.250000e-03 rep 4 -> OK  (estimate: H=0.1548, V=0.1533)
Cycle 2026-05-26 22:57:24.135000+00:00: offset +4.250000e-03 rep 5 -> OK  (estimate: H=0.1543, V=0.1543)
Applied SpsLowLevelRF/DpOverPOffset = -4.500000e-03
Cycle 2026-05-26 22:58:32.535000+00:00: offset -4.500000e-03 rep 1 -> OK  (estimate: H=0.0000, V=0.0000)

2026-05-26 23:46:38: Starting run with name 'Q_DPP_SCAN_CHROM_0.45_0.4_TUNE_20.13_20.21' and offsets [0.0, -0.00025, 0.00025, -0.0005, 0.0005, -0.00075, 0.00075, -0.001, 0.001, -0.00125, 0.00125, -0.0015, 0.0015, -0.00175, 0.00175, -0.002, 0.002, -0.0022500000000000003, 0.0022500000000000003, -0.0025, 0.0025, -0.00275, 0.00275, -0.003, 0.003, -0.0032500000000000003, 0.0032500000000000003, -0.0035, 0.0035, -0.00375, 0.00375, -0.004, 0.004, -0.00425, 0.00425, -0.0045000000000000005, 0.0045000000000000005, -0.00475, 0.00475, -0.005, 0.005, -0.00525, 0.00525, -0.0055, 0.0055, -0.00575, 0.00575, -0.006, 0.006, -0.00625, 0.00625, -0.006500000000000001, 0.006500000000000001]
Applied SpsLowLevelRF/DpOverPOffset = -4.500000e-03
Cycle 2026-05-26 23:46:56.535000+00:00: offset -4.500000e-03 rep 1 -> OK  (estimate: H=0.1123, V=0.1807)
Cycle 2026-05-26 23:47:12.135000+00:00: offset -4.500000e-03 rep 2 -> OK  (estimate: H=0.1118, V=0.1138)
Cycle 2026-05-26 23:47:31.335000+00:00: offset -4.500000e-03 rep 3 -> OK  (estimate: H=0.1123, V=0.1128)
Cycle 2026-05-26 23:47:46.935000+00:00: offset -4.500000e-03 rep 4 -> OK  (estimate: H=0.1123, V=0.1128)
Cycle 2026-05-26 23:48:02.535000+00:00: offset -4.500000e-03 rep 5 -> OK  (estimate: H=0.1123, V=0.1128)
Applied SpsLowLevelRF/DpOverPOffset = +4.500000e-03
Cycle 2026-05-26 23:48:21.735000+00:00: offset +4.500000e-03 rep 1 -> OK  (estimate: H=0.1538, V=0.1533)
Cycle 2026-05-26 23:48:37.335000+00:00: offset +4.500000e-03 rep 2 -> OK  (estimate: H=0.1543, V=0.1533)
Cycle 2026-05-26 23:48:52.935000+00:00: offset +4.500000e-03 rep 3 -> OK  (estimate: H=0.1548, V=0.1538)
Cycle 2026-05-26 23:49:12.135000+00:00: offset +4.500000e-03 rep 4 -> OK  (estimate: H=0.1543, V=0.1533)
Cycle 2026-05-26 23:49:27.735000+00:00: offset +4.500000e-03 rep 5 -> OK  (estimate: H=0.1533, V=0.1538)
Applied SpsLowLevelRF/DpOverPOffset = -4.750000e-03
Cycle 2026-05-26 23:49:43.335000+00:00: offset -4.750000e-03 rep 1 -> OK  (estimate: H=0.1118, V=0.1128)
Cycle 2026-05-26 23:50:02.535000+00:00: offset -4.750000e-03 rep 2 -> OK  (estimate: H=0.1123, V=0.1128)
Cycle 2026-05-26 23:50:18.135000+00:00: offset -4.750000e-03 rep 3 -> OK  (estimate: H=0.1113, V=0.1709)
Cycle 2026-05-26 23:50:33.735000+00:00: offset -4.750000e-03 rep 4 -> OK  (estimate: H=0.1118, V=0.1128)
Cycle 2026-05-26 23:50:52.935000+00:00: offset -4.750000e-03 rep 5 -> OK  (estimate: H=0.1113, V=0.1709)
Applied SpsLowLevelRF/DpOverPOffset = +4.750000e-03
Cycle 2026-05-26 23:51:08.535000+00:00: offset +4.750000e-03 rep 1 -> OK  (estimate: H=0.1533, V=0.1533)
Cycle 2026-05-26 23:51:24.135000+00:00: offset +4.750000e-03 rep 2 -> OK  (estimate: H=0.1548, V=0.1538)
Cycle 2026-05-26 23:51:43.335000+00:00: offset +4.750000e-03 rep 3 -> OK  (estimate: H=0.1543, V=0.1533)
Cycle 2026-05-26 23:51:58.935000+00:00: offset +4.750000e-03 rep 4 -> OK  (estimate: H=0.1538, V=0.1533)
Cycle 2026-05-26 23:52:14.535000+00:00: offset +4.750000e-03 rep 5 -> OK  (estimate: H=0.1523, V=0.1533)
Applied SpsLowLevelRF/DpOverPOffset = -5.000000e-03
Cycle 2026-05-26 23:52:33.735000+00:00: offset -5.000000e-03 rep 1 -> OK  (estimate: H=0.1113, V=0.1704)
Cycle 2026-05-26 23:52:49.335000+00:00: offset -5.000000e-03 rep 2 -> OK  (estimate: H=0.1108, V=0.1709)
Cycle 2026-05-26 23:53:04.935000+00:00: offset -5.000000e-03 rep 3 -> OK  (estimate: H=0.1108, V=0.1709)
Cycle 2026-05-26 23:53:24.135000+00:00: offset -5.000000e-03 rep 4 -> OK  (estimate: H=0.1113, V=0.1104)
Cycle 2026-05-26 23:53:39.735000+00:00: offset -5.000000e-03 rep 5 -> OK  (estimate: H=0.1113, V=0.1704)
Applied SpsLowLevelRF/DpOverPOffset = +5.000000e-03
Cycle 2026-05-26 23:53:55.335000+00:00: offset +5.000000e-03 rep 1 -> OK  (estimate: H=0.1548, V=0.1538)
Cycle 2026-05-26 23:54:14.535000+00:00: offset +5.000000e-03 rep 2 -> OK  (estimate: H=0.1528, V=0.1538)
Cycle 2026-05-26 23:54:30.135000+00:00: offset +5.000000e-03 rep 3 -> OK  (estimate: H=0.1533, V=0.1543)
Cycle 2026-05-26 23:54:45.735000+00:00: offset +5.000000e-03 rep 4 -> OK  (estimate: H=0.1543, V=0.1553)
Cycle 2026-05-26 23:55:04.935000+00:00: offset +5.000000e-03 rep 5 -> OK  (estimate: H=0.1543, V=0.2588)
Applied SpsLowLevelRF/DpOverPOffset = -5.250000e-03
Cycle 2026-05-26 23:55:20.535000+00:00: offset -5.250000e-03 rep 1 -> OK  (estimate: H=0.1108, V=0.1694)
Cycle 2026-05-26 23:55:36.135000+00:00: offset -5.250000e-03 rep 2 -> OK  (estimate: H=0.1108, V=0.1694)
Cycle 2026-05-26 23:55:55.335000+00:00: offset -5.250000e-03 rep 3 -> OK  (estimate: H=0.1113, V=0.1699)
Cycle 2026-05-26 23:56:10.935000+00:00: offset -5.250000e-03 rep 4 -> OK  (estimate: H=0.1108, V=0.1694)
Cycle 2026-05-26 23:56:26.535000+00:00: offset -5.250000e-03 rep 5 -> OK  (estimate: H=0.1108, V=0.1694)
Applied SpsLowLevelRF/DpOverPOffset = +5.250000e-03
Cycle 2026-05-26 23:56:45.735000+00:00: offset +5.250000e-03 rep 1 -> OK  (estimate: H=0.1533, V=0.1543)
Cycle 2026-05-26 23:57:01.335000+00:00: offset +5.250000e-03 rep 2 -> OK  (estimate: H=0.1538, V=0.1533)
Cycle 2026-05-26 23:57:16.935000+00:00: offset +5.250000e-03 rep 3 -> OK  (estimate: H=0.1533, V=0.1538)
Cycle 2026-05-26 23:57:36.135000+00:00: offset +5.250000e-03 rep 4 -> OK  (estimate: H=0.1533, V=0.1543)
Cycle 2026-05-26 23:57:51.735000+00:00: offset +5.250000e-03 rep 5 -> OK  (estimate: H=0.1548, V=0.1548)
Applied SpsLowLevelRF/DpOverPOffset = -5.500000e-03
Cycle 2026-05-26 23:58:07.335000+00:00: offset -5.500000e-03 rep 1 -> OK  (estimate: H=0.1099, V=0.1094)
Cycle 2026-05-26 23:58:26.535000+00:00: offset -5.500000e-03 rep 2 -> OK  (estimate: H=0.1084, V=0.1094)
Cycle 2026-05-26 23:58:42.135000+00:00: offset -5.500000e-03 rep 3 -> OK  (estimate: H=0.1099, V=0.1675)
Cycle 2026-05-26 23:58:57.735000+00:00: offset -5.500000e-03 rep 4 -> OK  (estimate: H=0.1094, V=0.1675)
Cycle 2026-05-26 23:59:16.935000+00:00: offset -5.500000e-03 rep 5 -> OK  (estimate: H=0.1099, V=0.1675)
Applied SpsLowLevelRF/DpOverPOffset = +5.500000e-03
Cycle 2026-05-26 23:59:32.535000+00:00: offset +5.500000e-03 rep 1 -> OK  (estimate: H=0.1567, V=0.1548)
Cycle 2026-05-26 23:59:48.135000+00:00: offset +5.500000e-03 rep 2 -> OK  (estimate: H=0.1562, V=0.2563)
Cycle 2026-05-27 00:00:07.335000+00:00: offset +5.500000e-03 rep 3 -> OK  (estimate: H=0.1543, V=0.1553)
Cycle 2026-05-27 00:00:22.935000+00:00: offset +5.500000e-03 rep 4 -> OK  (estimate: H=0.1543, V=0.1553)
Cycle 2026-05-27 00:00:38.535000+00:00: offset +5.500000e-03 rep 5 -> OK  (estimate: H=0.1562, V=0.2583)
Applied SpsLowLevelRF/DpOverPOffset = -5.750000e-03
Cycle 2026-05-27 00:00:57.735000+00:00: offset -5.750000e-03 rep 1 -> OK  (estimate: H=0.1089, V=0.1079)
Cycle 2026-05-27 00:01:13.335000+00:00: offset -5.750000e-03 rep 2 -> OK  (estimate: H=0.1089, V=0.1641)
Cycle 2026-05-27 00:01:28.935000+00:00: offset -5.750000e-03 rep 3 -> OK  (estimate: H=0.1074, V=0.1650)
Cycle 2026-05-27 00:01:48.135000+00:00: offset -5.750000e-03 rep 4 -> OK  (estimate: H=0.1089, V=0.1084)
Cycle 2026-05-27 00:02:03.735000+00:00: offset -5.750000e-03 rep 5 -> OK  (estimate: H=0.1089, V=0.1079)
Applied SpsLowLevelRF/DpOverPOffset = +5.750000e-03
Cycle 2026-05-27 00:02:19.335000+00:00: offset +5.750000e-03 rep 1 -> OK  (estimate: H=0.1543, V=0.2583)
Cycle 2026-05-27 00:02:38.535000+00:00: offset +5.750000e-03 rep 2 -> OK  (estimate: H=0.1543, V=0.2593)
Cycle 2026-05-27 00:02:54.135000+00:00: offset +5.750000e-03 rep 3 -> OK  (estimate: H=0.1543, V=0.2583)
Cycle 2026-05-27 00:03:09.735000+00:00: offset +5.750000e-03 rep 4 -> OK  (estimate: H=0.1543, V=0.2588)
Cycle 2026-05-27 00:03:28.935000+00:00: offset +5.750000e-03 rep 5 -> OK  (estimate: H=0.1548, V=0.2593)
Applied SpsLowLevelRF/DpOverPOffset = -6.000000e-03
Cycle 2026-05-27 00:03:44.535000+00:00: offset -6.000000e-03 rep 1 -> OK  (estimate: H=0.0000, V=0.0000)
Cycle 2026-05-27 00:04:00.135000+00:00: offset -6.000000e-03 rep 2 -> OK  (estimate: H=0.1055, V=0.0000)
Cycle 2026-05-27 00:04:19.335000+00:00: offset -6.000000e-03 rep 3 -> OK  (estimate: H=0.1079, V=0.0000)
Cycle 2026-05-27 00:04:34.935000+00:00: offset -6.000000e-03 rep 4 -> OK  (estimate: H=0.1064, V=0.0000)
Cycle 2026-05-27 00:04:50.535000+00:00: offset -6.000000e-03 rep 5 -> OK  (estimate: H=0.0000, V=0.0000)
Applied SpsLowLevelRF/DpOverPOffset = +6.000000e-03
Cycle 2026-05-27 00:05:09.735000+00:00: offset +6.000000e-03 rep 1 -> OK  (estimate: H=0.1543, V=0.2607)
Cycle 2026-05-27 00:05:25.335000+00:00: offset +6.000000e-03 rep 2 -> OK  (estimate: H=0.1543, V=0.2617)
Cycle 2026-05-27 00:05:40.935000+00:00: offset +6.000000e-03 rep 3 -> OK  (estimate: H=0.1543, V=0.2607)
Cycle 2026-05-27 00:06:00.135000+00:00: offset +6.000000e-03 rep 4 -> OK  (estimate: H=0.1553, V=0.2617)
Cycle 2026-05-27 00:06:15.735000+00:00: offset +6.000000e-03 rep 5 -> OK  (estimate: H=0.1543, V=0.2607)
Applied SpsLowLevelRF/DpOverPOffset = -6.250000e-03
Cycle 2026-05-27 00:06:31.335000+00:00: offset -6.250000e-03 rep 1 -> OK  (estimate: H=0.0000, V=0.0000)
Cycle 2026-05-27 00:06:50.535000+00:00: offset -6.250000e-03 rep 2 -> OK  (estimate: H=0.0000, V=0.0000)
Cycle 2026-05-27 00:07:06.135000+00:00: offset -6.250000e-03 rep 3 -> OK  (estimate: H=0.0000, V=0.0000)
Cycle 2026-05-27 00:07:21.735000+00:00: offset -6.250000e-03 rep 4 -> OK  (estimate: H=0.0000, V=0.0000)
Cycle 2026-05-27 00:07:40.935000+00:00: offset -6.250000e-03 rep 5 -> OK  (estimate: H=0.0000, V=0.0000)
Applied SpsLowLevelRF/DpOverPOffset = +6.250000e-03
Cycle 2026-05-27 00:07:56.535000+00:00: offset +6.250000e-03 rep 1 -> OK  (estimate: H=0.1577, V=0.2666)
Cycle 2026-05-27 00:08:12.135000+00:00: offset +6.250000e-03 rep 2 -> OK  (estimate: H=0.1543, V=0.2676)
Cycle 2026-05-27 00:08:31.335000+00:00: offset +6.250000e-03 rep 3 -> OK  (estimate: H=0.1553, V=0.2681)
Cycle 2026-05-27 00:08:46.935000+00:00: offset +6.250000e-03 rep 4 -> OK  (estimate: H=0.1548, V=0.2637)
Cycle 2026-05-27 00:09:02.535000+00:00: offset +6.250000e-03 rep 5 -> OK  (estimate: H=0.1553, V=0.2671)
Applied SpsLowLevelRF/DpOverPOffset = -6.500000e-03
Cycle 2026-05-27 00:09:21.735000+00:00: offset -6.500000e-03 rep 1 -> OK  (estimate: H=0.0000, V=0.0000)
Cycle 2026-05-27 00:09:37.335000+00:00: offset -6.500000e-03 rep 2 -> OK  (estimate: H=0.0000, V=0.0000)
Cycle 2026-05-27 00:09:52.935000+00:00: offset -6.500000e-03 rep 3 -> OK  (estimate: H=0.0000, V=0.0000)
Cycle 2026-05-27 00:10:12.135000+00:00: offset -6.500000e-03 rep 4 -> OK  (estimate: H=0.0000, V=0.0000)
Cycle 2026-05-27 00:10:27.735000+00:00: offset -6.500000e-03 rep 5 -> OK  (estimate: H=0.0000, V=0.0000)
Applied SpsLowLevelRF/DpOverPOffset = +6.500000e-03
Cycle 2026-05-27 00:10:43.335000+00:00: offset +6.500000e-03 rep 1 -> OK  (estimate: H=0.1577, V=0.2700)
Cycle 2026-05-27 00:11:02.535000+00:00: offset +6.500000e-03 rep 2 -> OK  (estimate: H=0.1553, V=0.2705)
Cycle 2026-05-27 00:11:18.135000+00:00: offset +6.500000e-03 rep 3 -> OK  (estimate: H=0.1567, V=0.2695)
Cycle 2026-05-27 00:11:33.735000+00:00: offset +6.500000e-03 rep 4 -> OK  (estimate: H=0.1577, V=0.2700)
Cycle 2026-05-27 00:11:52.935000+00:00: offset +6.500000e-03 rep 5 -> OK  (estimate: H=0.1567, V=0.2700)
Applied SpsLowLevelRF/DpOverPOffset = +0.000000e+00
Cool, we are done!

2026-05-27 00:13:07: Starting run with name 'Q_DPP_SCAN_CHROM_0.45_0.4_TUNE_20.13_20.21' and offsets [0.0, -0.00025, 0.00025, -0.0005, 0.0005, -0.00075, 0.00075, -0.001, 0.001, -0.00125, 0.00125, -0.0015, 0.0015, -0.00175, 0.00175, -0.002, 0.002, -0.0022500000000000003, 0.0022500000000000003, -0.0025, 0.0025, -0.00275, 0.00275, -0.003, 0.003, -0.0032500000000000003, 0.0032500000000000003, -0.0035, 0.0035, -0.00375, 0.00375, -0.004, 0.004, -0.00425, 0.00425, -0.0045000000000000005, 0.0045000000000000005, -0.00475, 0.00475, -0.005, 0.005, -0.00525, 0.00525, -0.0055, 0.0055, -0.00575, 0.00575, -0.006, 0.006, -0.00625, 0.00625, -0.006500000000000001, 0.006500000000000001]
Applied SpsLowLevelRF/DpOverPOffset = +0.000000e+00
Cycle 2026-05-27 00:13:14.535000+00:00: offset +0.000000e+00 rep 7 -> OK  (estimate: H=0.1299, V=0.2100)
Cycle 2026-05-27 00:13:33.735000+00:00: offset +0.000000e+00 rep 8 -> OK  (estimate: H=0.1304, V=0.2100)
Cycle 2026-05-27 00:13:49.335000+00:00: offset +0.000000e+00 rep 9 -> OK  (estimate: H=0.1309, V=0.2100)
Cycle 2026-05-27 00:14:04.935000+00:00: offset +0.000000e+00 rep 10 -> OK  (estimate: H=0.1309, V=0.2090)
Cycle 2026-05-27 00:14:24.135000+00:00: offset -2.500000e-04 rep 7 -> OK  (estimate: H=0.1309, V=0.2095)
Cycle 2026-05-27 00:14:39.735000+00:00: offset -2.500000e-04 rep 8 -> OK  (estimate: H=0.1309, V=0.2100)
Cycle 2026-05-27 00:14:55.335000+00:00: offset -2.500000e-04 rep 9 -> OK  (estimate: H=0.1309, V=0.2104)
Cycle 2026-05-27 00:15:14.535000+00:00: offset -2.500000e-04 rep 10 -> OK  (estimate: H=0.1406, V=0.2100)
Cycle 2026-05-27 00:15:30.135000+00:00: offset +2.500000e-04 rep 6 -> OK  (estimate: H=0.1309, V=0.2109)
Cycle 2026-05-27 00:15:45.735000+00:00: offset +2.500000e-04 rep 7 -> OK  (estimate: H=0.1309, V=0.2100)
Cycle 2026-05-27 00:16:04.935000+00:00: offset +2.500000e-04 rep 8 -> OK  (estimate: H=0.1304, V=0.2095)
Cycle 2026-05-27 00:16:20.535000+00:00: offset +2.500000e-04 rep 9 -> OK  (estimate: H=0.1309, V=0.2095)
Cycle 2026-05-27 00:16:36.135000+00:00: offset +2.500000e-04 rep 10 -> OK  (estimate: H=0.1309, V=0.2104)
Cycle 2026-05-27 00:16:55.335000+00:00: offset -5.000000e-04 rep 7 -> OK  (estimate: H=0.1309, V=0.2095)
Cycle 2026-05-27 00:17:10.935000+00:00: offset -5.000000e-04 rep 8 -> OK  (estimate: H=0.1406, V=0.2100)
Cycle 2026-05-27 00:17:26.535000+00:00: offset -5.000000e-04 rep 9 -> OK  (estimate: H=0.1309, V=0.2100)
Cycle 2026-05-27 00:17:45.735000+00:00: offset -5.000000e-04 rep 10 -> OK  (estimate: H=0.1309, V=0.2100)
Cycle 2026-05-27 00:18:01.335000+00:00: offset +5.000000e-04 rep 6 -> OK  (estimate: H=0.1309, V=0.2104)
Cycle 2026-05-27 00:18:16.935000+00:00: offset +5.000000e-04 rep 7 -> OK  (estimate: H=0.1309, V=0.2100)
Cycle 2026-05-27 00:18:36.135000+00:00: offset +5.000000e-04 rep 8 -> OK  (estimate: H=0.1309, V=0.2100)
Cycle 2026-05-27 00:18:51.735000+00:00: offset +5.000000e-04 rep 9 -> OK  (estimate: H=0.1309, V=0.2100)
Cycle 2026-05-27 00:19:07.335000+00:00: offset +5.000000e-04 rep 10 -> OK  (estimate: H=0.1309, V=0.2090)
Cycle 2026-05-27 00:19:26.535000+00:00: offset -7.500000e-04 rep 6 -> OK  (estimate: H=0.1309, V=0.2100)
Cycle 2026-05-27 00:19:42.135000+00:00: offset -7.500000e-04 rep 7 -> OK  (estimate: H=0.1309, V=0.2095)
Cycle 2026-05-27 00:19:57.735000+00:00: offset -7.500000e-04 rep 8 -> OK  (estimate: H=0.1304, V=0.2100)
Cycle 2026-05-27 00:20:16.935000+00:00: offset -7.500000e-04 rep 9 -> OK  (estimate: H=0.1299, V=0.2095)
Cycle 2026-05-27 00:20:32.535000+00:00: offset -7.500000e-04 rep 10 -> OK  (estimate: H=0.1309, V=0.2100)
Cycle 2026-05-27 00:20:48.135000+00:00: offset +7.500000e-04 rep 6 -> OK  (estimate: H=0.1406, V=0.2100)
Cycle 2026-05-27 00:21:07.335000+00:00: offset +7.500000e-04 rep 7 -> OK  (estimate: H=0.1309, V=0.2100)
Cycle 2026-05-27 00:21:22.935000+00:00: offset +7.500000e-04 rep 8 -> OK  (estimate: H=0.1309, V=0.2100)
Cycle 2026-05-27 00:21:38.535000+00:00: offset +7.500000e-04 rep 9 -> OK  (estimate: H=0.1299, V=0.2100)
Cycle 2026-05-27 00:21:57.735000+00:00: offset +7.500000e-04 rep 10 -> OK  (estimate: H=0.1309, V=0.2090)
Cycle 2026-05-27 00:22:13.335000+00:00: offset -1.000000e-03 rep 6 -> OK  (estimate: H=0.1309, V=0.2100)
Cycle 2026-05-27 00:22:28.935000+00:00: offset -1.000000e-03 rep 7 -> OK  (estimate: H=0.1309, V=0.2090)
Cycle 2026-05-27 00:22:48.135000+00:00: offset -1.000000e-03 rep 8 -> OK  (estimate: H=0.1309, V=0.2095)
Cycle 2026-05-27 00:23:03.735000+00:00: offset -1.000000e-03 rep 9 -> OK  (estimate: H=0.1309, V=0.2095)
Cycle 2026-05-27 00:23:19.335000+00:00: offset -1.000000e-03 rep 10 -> OK  (estimate: H=0.1309, V=0.2095)
Cycle 2026-05-27 00:23:38.535000+00:00: offset +1.000000e-03 rep 6 -> OK  (estimate: H=0.1309, V=0.2100)
Cycle 2026-05-27 00:23:54.135000+00:00: offset +1.000000e-03 rep 7 -> OK  (estimate: H=0.1309, V=0.2100)
Cycle 2026-05-27 00:24:09.735000+00:00: offset +1.000000e-03 rep 8 -> OK  (estimate: H=0.1304, V=0.2100)
Cycle 2026-05-27 00:24:28.935000+00:00: offset +1.000000e-03 rep 9 -> OK  (estimate: H=0.1309, V=0.2095)
Cycle 2026-05-27 00:24:44.535000+00:00: offset +1.000000e-03 rep 10 -> OK  (estimate: H=0.1309, V=0.2100)
Cycle 2026-05-27 00:25:00.135000+00:00: offset -1.250000e-03 rep 6 -> OK  (estimate: H=0.1309, V=0.2100)
Cycle 2026-05-27 00:25:19.335000+00:00: offset -1.250000e-03 rep 7 -> OK  (estimate: H=0.1309, V=0.2100)
Cycle 2026-05-27 00:25:34.935000+00:00: offset -1.250000e-03 rep 8 -> OK  (estimate: H=0.1309, V=0.2100)
Cycle 2026-05-27 00:25:50.535000+00:00: offset -1.250000e-03 rep 9 -> OK  (estimate: H=0.1309, V=0.2100)
Cycle 2026-05-27 00:26:09.735000+00:00: offset -1.250000e-03 rep 10 -> OK  (estimate: H=0.1309, V=0.2100)
Cycle 2026-05-27 00:26:25.335000+00:00: offset +1.250000e-03 rep 6 -> OK  (estimate: H=0.1309, V=0.2100)
Cycle 2026-05-27 00:26:40.935000+00:00: offset +1.250000e-03 rep 7 -> OK  (estimate: H=0.1309, V=0.2095)
Cycle 2026-05-27 00:27:00.135000+00:00: offset +1.250000e-03 rep 8 -> OK  (estimate: H=0.1309, V=0.2095)
Cycle 2026-05-27 00:27:15.735000+00:00: offset +1.250000e-03 rep 9 -> OK  (estimate: H=0.1309, V=0.2100)
Cycle 2026-05-27 00:27:31.335000+00:00: offset +1.250000e-03 rep 10 -> OK  (estimate: H=0.1309, V=0.2090)
Cycle 2026-05-27 00:27:50.535000+00:00: offset -1.500000e-03 rep 6 -> OK  (estimate: H=0.1309, V=0.2090)
Cycle 2026-05-27 00:28:06.135000+00:00: offset -1.500000e-03 rep 7 -> OK  (estimate: H=0.1309, V=0.2100)
Cycle 2026-05-27 00:28:21.735000+00:00: offset -1.500000e-03 rep 8 -> OK  (estimate: H=0.1304, V=0.2100)
Cycle 2026-05-27 00:28:40.935000+00:00: offset -1.500000e-03 rep 9 -> OK  (estimate: H=0.1304, V=0.2104)
Cycle 2026-05-27 00:28:56.535000+00:00: offset -1.500000e-03 rep 10 -> OK  (estimate: H=0.1299, V=0.2100)
Cycle 2026-05-27 00:29:12.135000+00:00: offset +1.500000e-03 rep 6 -> OK  (estimate: H=0.1309, V=0.2100)
Cycle 2026-05-27 00:29:31.335000+00:00: offset +1.500000e-03 rep 7 -> OK  (estimate: H=0.1309, V=0.2100)
Cycle 2026-05-27 00:29:46.935000+00:00: offset +1.500000e-03 rep 8 -> OK  (estimate: H=0.1309, V=0.2100)
Cycle 2026-05-27 00:30:02.535000+00:00: offset +1.500000e-03 rep 9 -> OK  (estimate: H=0.1299, V=0.2090)
Cycle 2026-05-27 00:30:21.735000+00:00: offset +1.500000e-03 rep 10 -> OK  (estimate: H=0.1309, V=0.2100)
Cycle 2026-05-27 00:30:37.335000+00:00: offset -1.750000e-03 rep 6 -> OK  (estimate: H=0.1309, V=0.2095)
Cycle 2026-05-27 00:30:52.935000+00:00: offset -1.750000e-03 rep 7 -> OK  (estimate: H=0.1309, V=0.2100)
Cycle 2026-05-27 00:31:12.135000+00:00: offset -1.750000e-03 rep 8 -> OK  (estimate: H=0.1304, V=0.2100)
Cycle 2026-05-27 00:31:27.735000+00:00: offset -1.750000e-03 rep 9 -> OK  (estimate: H=0.1309, V=0.2100)
Cycle 2026-05-27 00:31:43.335000+00:00: offset -1.750000e-03 rep 10 -> OK  (estimate: H=0.1406, V=0.2100)
Cycle 2026-05-27 00:32:02.535000+00:00: offset +1.750000e-03 rep 6 -> OK  (estimate: H=0.1299, V=0.2095)
Cycle 2026-05-27 00:32:18.135000+00:00: offset +1.750000e-03 rep 7 -> OK  (estimate: H=0.1309, V=0.2100)
Cycle 2026-05-27 00:32:33.735000+00:00: offset +1.750000e-03 rep 8 -> OK  (estimate: H=0.1309, V=0.2100)
Cycle 2026-05-27 00:32:52.935000+00:00: offset +1.750000e-03 rep 9 -> OK  (estimate: H=0.1318, V=0.2100)
Cycle 2026-05-27 00:33:08.535000+00:00: offset +1.750000e-03 rep 10 -> OK  (estimate: H=0.1309, V=0.2100)
Cycle 2026-05-27 00:33:24.135000+00:00: offset -2.000000e-03 rep 6 -> OK  (estimate: H=0.1309, V=0.2100)
Cycle 2026-05-27 00:33:43.335000+00:00: offset -2.000000e-03 rep 7 -> OK  (estimate: H=0.1309, V=0.2100)
Cycle 2026-05-27 00:33:58.935000+00:00: offset -2.000000e-03 rep 8 -> OK  (estimate: H=0.1309, V=0.2100)
Cycle 2026-05-27 00:34:14.535000+00:00: offset -2.000000e-03 rep 9 -> OK  (estimate: H=0.1309, V=0.2100)
Cycle 2026-05-27 00:34:33.735000+00:00: offset -2.000000e-03 rep 10 -> OK  (estimate: H=0.1309, V=0.2090)
Cycle 2026-05-27 00:34:49.335000+00:00: offset +2.000000e-03 rep 6 -> OK  (estimate: H=0.1309, V=0.2095)
Cycle 2026-05-27 00:35:04.935000+00:00: offset +2.000000e-03 rep 7 -> OK  (estimate: H=0.1299, V=0.2100)
Cycle 2026-05-27 00:35:24.135000+00:00: offset +2.000000e-03 rep 8 -> OK  (estimate: H=0.1309, V=0.2100)
Cycle 2026-05-27 00:35:39.735000+00:00: offset +2.000000e-03 rep 9 -> OK  (estimate: H=0.1309, V=0.2100)
Cycle 2026-05-27 00:35:55.335000+00:00: offset +2.000000e-03 rep 10 -> OK  (estimate: H=0.1309, V=0.2095)
Cycle 2026-05-27 00:36:14.535000+00:00: offset -2.250000e-03 rep 6 -> OK  (estimate: H=0.1309, V=0.2100)
Cycle 2026-05-27 00:36:30.135000+00:00: offset -2.250000e-03 rep 7 -> OK  (estimate: H=0.1309, V=0.2090)
Cycle 2026-05-27 00:36:45.735000+00:00: offset -2.250000e-03 rep 8 -> OK  (estimate: H=0.1309, V=0.2100)
Cycle 2026-05-27 00:37:04.935000+00:00: offset -2.250000e-03 rep 9 -> OK  (estimate: H=0.1309, V=0.2095)
Cycle 2026-05-27 00:37:20.535000+00:00: offset -2.250000e-03 rep 10 -> OK  (estimate: H=0.1309, V=0.2090)
Cycle 2026-05-27 00:37:36.135000+00:00: offset +2.250000e-03 rep 6 -> OK  (estimate: H=0.1304, V=0.2109)
Cycle 2026-05-27 00:37:55.335000+00:00: offset +2.250000e-03 rep 7 -> OK  (estimate: H=0.1309, V=0.2100)
Cycle 2026-05-27 00:38:10.935000+00:00: offset +2.250000e-03 rep 8 -> OK  (estimate: H=0.1309, V=0.2109)
Cycle 2026-05-27 00:38:26.535000+00:00: offset +2.250000e-03 rep 9 -> OK  (estimate: H=0.1309, V=0.2100)
Cycle 2026-05-27 00:38:45.735000+00:00: offset +2.250000e-03 rep 10 -> OK  (estimate: H=0.1309, V=0.2100)
Cycle 2026-05-27 00:39:01.335000+00:00: offset -2.500000e-03 rep 6 -> OK  (estimate: H=0.1309, V=0.2100)
Cycle 2026-05-27 00:39:16.935000+00:00: offset -2.500000e-03 rep 7 -> OK  (estimate: H=0.1309, V=0.2100)
Cycle 2026-05-27 00:39:36.135000+00:00: offset -2.500000e-03 rep 8 -> OK  (estimate: H=0.1309, V=0.2100)
Cycle 2026-05-27 00:39:51.735000+00:00: offset -2.500000e-03 rep 9 -> OK  (estimate: H=0.1309, V=0.2100)
Cycle 2026-05-27 00:40:07.335000+00:00: offset -2.500000e-03 rep 10 -> OK  (estimate: H=0.1299, V=0.2100)
Cycle 2026-05-27 00:40:26.535000+00:00: offset +2.500000e-03 rep 6 -> OK  (estimate: H=0.1309, V=0.2090)
Cycle 2026-05-27 00:40:42.135000+00:00: offset +2.500000e-03 rep 7 -> OK  (estimate: H=0.1309, V=0.2109)
Cycle 2026-05-27 00:40:57.735000+00:00: offset +2.500000e-03 rep 8 -> OK  (estimate: H=0.1309, V=0.2100)
Cycle 2026-05-27 00:41:16.935000+00:00: offset +2.500000e-03 rep 9 -> OK  (estimate: H=0.1309, V=0.2100)
Cycle 2026-05-27 00:41:32.535000+00:00: offset +2.500000e-03 rep 10 -> OK  (estimate: H=0.1309, V=0.2100)
Cycle 2026-05-27 00:41:48.135000+00:00: offset -2.750000e-03 rep 6 -> OK  (estimate: H=0.1309, V=0.2100)
Cycle 2026-05-27 00:42:07.335000+00:00: offset -2.750000e-03 rep 7 -> OK  (estimate: H=0.1309, V=0.2095)
Cycle 2026-05-27 00:42:22.935000+00:00: offset -2.750000e-03 rep 8 -> OK  (estimate: H=0.1309, V=0.2090)
Cycle 2026-05-27 00:42:38.535000+00:00: offset -2.750000e-03 rep 9 -> OK  (estimate: H=0.1309, V=0.2100)
Cycle 2026-05-27 00:42:57.735000+00:00: offset -2.750000e-03 rep 10 -> OK  (estimate: H=0.1309, V=0.2100)
Cycle 2026-05-27 00:43:13.335000+00:00: offset +2.750000e-03 rep 6 -> OK  (estimate: H=0.1309, V=0.2100)
Cycle 2026-05-27 00:43:28.935000+00:00: offset +2.750000e-03 rep 7 -> OK  (estimate: H=0.1309, V=0.2095)
Cycle 2026-05-27 00:43:48.135000+00:00: offset +2.750000e-03 rep 8 -> OK  (estimate: H=0.1309, V=0.2095)
Cycle 2026-05-27 00:44:03.735000+00:00: offset +2.750000e-03 rep 9 -> OK  (estimate: H=0.1309, V=0.2100)
Cycle 2026-05-27 00:44:19.335000+00:00: offset +2.750000e-03 rep 10 -> OK  (estimate: H=0.1299, V=0.2100)
Cycle 2026-05-27 00:44:38.535000+00:00: offset -3.000000e-03 rep 6 -> OK  (estimate: H=0.1309, V=0.2090)
Cycle 2026-05-27 00:44:54.135000+00:00: offset -3.000000e-03 rep 7 -> OK  (estimate: H=0.1309, V=0.2100)
Cycle 2026-05-27 00:45:09.735000+00:00: offset -3.000000e-03 rep 8 -> OK  (estimate: H=0.1304, V=0.2100)
Cycle 2026-05-27 00:45:28.935000+00:00: offset -3.000000e-03 rep 9 -> OK  (estimate: H=0.1309, V=0.2095)
Cycle 2026-05-27 00:45:44.535000+00:00: offset -3.000000e-03 rep 10 -> OK  (estimate: H=0.1299, V=0.2100)
Cycle 2026-05-27 00:46:00.135000+00:00: offset +3.000000e-03 rep 6 -> OK  (estimate: H=0.1309, V=0.2100)
Cycle 2026-05-27 00:46:19.335000+00:00: offset +3.000000e-03 rep 7 -> OK  (estimate: H=0.1304, V=0.2095)
Cycle 2026-05-27 00:46:34.935000+00:00: offset +3.000000e-03 rep 8 -> OK  (estimate: H=0.1304, V=0.2104)
Cycle 2026-05-27 00:46:50.535000+00:00: offset +3.000000e-03 rep 9 -> OK  (estimate: H=0.1309, V=0.2104)
Cycle 2026-05-27 00:47:09.735000+00:00: offset +3.000000e-03 rep 10 -> OK  (estimate: H=0.1299, V=0.2100)
Cycle 2026-05-27 00:47:25.335000+00:00: offset -3.250000e-03 rep 6 -> OK  (estimate: H=0.1309, V=0.2100)
Cycle 2026-05-27 00:47:40.935000+00:00: offset -3.250000e-03 rep 7 -> OK  (estimate: H=0.1309, V=0.2100)
Cycle 2026-05-27 00:48:00.135000+00:00: offset -3.250000e-03 rep 8 -> OK  (estimate: H=0.1309, V=0.2100)
Cycle 2026-05-27 00:48:15.735000+00:00: offset -3.250000e-03 rep 9 -> OK  (estimate: H=0.1309, V=0.2104)
Cycle 2026-05-27 00:48:31.335000+00:00: offset -3.250000e-03 rep 10 -> OK  (estimate: H=0.1309, V=0.2100)
Cycle 2026-05-27 00:48:50.535000+00:00: offset +3.250000e-03 rep 6 -> OK  (estimate: H=0.1309, V=0.2100)
Cycle 2026-05-27 00:49:06.135000+00:00: offset +3.250000e-03 rep 7 -> OK  (estimate: H=0.1309, V=0.2100)
Cycle 2026-05-27 00:49:21.735000+00:00: offset +3.250000e-03 rep 8 -> OK  (estimate: H=0.1309, V=0.2100)
Cycle 2026-05-27 00:49:40.935000+00:00: offset +3.250000e-03 rep 9 -> OK  (estimate: H=0.1299, V=0.2095)
Cycle 2026-05-27 00:49:56.535000+00:00: offset +3.250000e-03 rep 10 -> OK  (estimate: H=0.1309, V=0.2100)
Cycle 2026-05-27 00:50:12.135000+00:00: offset -3.500000e-03 rep 6 -> OK  (estimate: H=0.1309, V=0.2095)
Cycle 2026-05-27 00:50:31.335000+00:00: offset -3.500000e-03 rep 7 -> OK  (estimate: H=0.1299, V=0.2100)
Cycle 2026-05-27 00:50:46.935000+00:00: offset -3.500000e-03 rep 8 -> OK  (estimate: H=0.1309, V=0.2095)
Cycle 2026-05-27 00:51:02.535000+00:00: offset -3.500000e-03 rep 9 -> OK  (estimate: H=0.1309, V=0.2100)
Cycle 2026-05-27 00:51:21.735000+00:00: offset -3.500000e-03 rep 10 -> OK  (estimate: H=0.1309, V=0.2100)

2026-05-27 01:30:12: Starting run with name 'Q_DPP_SCAN_CHROM_0.45_0.4_TUNE_20.13_20.21' and offsets [0.0, -0.00025, 0.00025, -0.0005, 0.0005, -0.00075, 0.00075, -0.001, 0.001, -0.00125, 0.00125, -0.0015, 0.0015, -0.00175, 0.00175, -0.002, 0.002, -0.0022500000000000003, 0.0022500000000000003, -0.0025, 0.0025, -0.00275, 0.00275, -0.003, 0.003, -0.0032500000000000003, 0.0032500000000000003, -0.0035, 0.0035, -0.00375, 0.00375, -0.004, 0.004, -0.00425, 0.00425, -0.0045000000000000005, 0.0045000000000000005, -0.00475, 0.00475, -0.005, 0.005, -0.00525, 0.00525, -0.0055, 0.0055, -0.00575, 0.00575, -0.006, 0.006, -0.00625, 0.00625, -0.006500000000000001, 0.006500000000000001]
Applied SpsLowLevelRF/DpOverPOffset = +0.000000e+00
Cycle 2026-05-27 01:30:28.935000+00:00: offset +0.000000e+00 rep 6 -> OK  (estimate: H=0.1309, V=0.2109)
Cycle 2026-05-27 01:30:44.535000+00:00: offset +0.000000e+00 rep 7 -> OK  (estimate: H=0.1309, V=0.2100)
Cycle 2026-05-27 01:31:03.735000+00:00: offset +0.000000e+00 rep 8 -> OK  (estimate: H=0.1309, V=0.2104)
Cycle 2026-05-27 01:31:19.335000+00:00: offset +0.000000e+00 rep 9 -> OK  (estimate: H=0.1309, V=0.2090)
Cycle 2026-05-27 01:31:34.935000+00:00: offset +0.000000e+00 rep 10 -> OK  (estimate: H=0.1309, V=0.2100)
Applied SpsLowLevelRF/DpOverPOffset = -2.500000e-04
Cycle 2026-05-27 01:31:54.135000+00:00: offset -2.500000e-04 rep 6 -> OK  (estimate: H=0.1294, V=0.2095)
Cycle 2026-05-27 01:32:09.735000+00:00: offset -2.500000e-04 rep 7 -> OK  (estimate: H=0.1284, V=0.2090)
Cycle 2026-05-27 01:32:25.335000+00:00: offset -2.500000e-04 rep 8 -> OK  (estimate: H=0.1284, V=0.2085)
Cycle 2026-05-27 01:32:44.535000+00:00: offset -2.500000e-04 rep 9 -> OK  (estimate: H=0.1294, V=0.2085)
Cycle 2026-05-27 01:33:00.135000+00:00: offset -2.500000e-04 rep 10 -> OK  (estimate: H=0.1294, V=0.2090)
Applied SpsLowLevelRF/DpOverPOffset = +2.500000e-04
Cycle 2026-05-27 01:33:15.735000+00:00: offset +2.500000e-04 rep 6 -> OK  (estimate: H=0.1328, V=0.2109)
Cycle 2026-05-27 01:33:34.935000+00:00: offset +2.500000e-04 rep 7 -> OK  (estimate: H=0.1318, V=0.2109)
Cycle 2026-05-27 01:33:50.535000+00:00: offset +2.500000e-04 rep 8 -> OK  (estimate: H=0.1318, V=0.2109)
Cycle 2026-05-27 01:34:06.135000+00:00: offset +2.500000e-04 rep 9 -> OK  (estimate: H=0.1328, V=0.2100)
Cycle 2026-05-27 01:34:25.335000+00:00: offset +2.500000e-04 rep 10 -> OK  (estimate: H=0.1328, V=0.2109)
Applied SpsLowLevelRF/DpOverPOffset = -5.000000e-04
Cycle 2026-05-27 01:34:40.935000+00:00: offset -5.000000e-04 rep 6 -> OK  (estimate: H=0.1274, V=0.2075)
Cycle 2026-05-27 01:34:56.535000+00:00: offset -5.000000e-04 rep 7 -> OK  (estimate: H=0.1274, V=0.2085)
Cycle 2026-05-27 01:35:15.735000+00:00: offset -5.000000e-04 rep 8 -> OK  (estimate: H=0.1274, V=0.2075)
Cycle 2026-05-27 01:35:31.335000+00:00: offset -5.000000e-04 rep 9 -> OK  (estimate: H=0.1284, V=0.2085)
Cycle 2026-05-27 01:35:46.935000+00:00: offset -5.000000e-04 rep 10 -> OK  (estimate: H=0.1274, V=0.2080)
Applied SpsLowLevelRF/DpOverPOffset = +5.000000e-04
Cycle 2026-05-27 01:36:06.135000+00:00: offset +5.000000e-04 rep 6 -> OK  (estimate: H=0.1372, V=0.2119)
Cycle 2026-05-27 01:36:21.735000+00:00: offset +5.000000e-04 rep 7 -> OK  (estimate: H=0.1372, V=0.2119)
Cycle 2026-05-27 01:36:37.335000+00:00: offset +5.000000e-04 rep 8 -> OK  (estimate: H=0.1372, V=0.2119)
Cycle 2026-05-27 01:36:56.535000+00:00: offset +5.000000e-04 rep 9 -> OK  (estimate: H=0.1465, V=0.2109)
Cycle 2026-05-27 01:37:12.135000+00:00: offset +5.000000e-04 rep 10 -> OK  (estimate: H=0.1372, V=0.2109)
Applied SpsLowLevelRF/DpOverPOffset = -7.500000e-04
Cycle 2026-05-27 01:37:27.735000+00:00: offset -7.500000e-04 rep 6 -> OK  (estimate: H=0.1265, V=0.2065)
Cycle 2026-05-27 01:37:46.935000+00:00: offset -7.500000e-04 rep 7 -> OK  (estimate: H=0.1265, V=0.2065)
Cycle 2026-05-27 01:38:02.535000+00:00: offset -7.500000e-04 rep 8 -> OK  (estimate: H=0.1230, V=0.2075)
Cycle 2026-05-27 01:38:18.135000+00:00: offset -7.500000e-04 rep 9 -> OK  (estimate: H=0.1230, V=0.2075)
Cycle 2026-05-27 01:38:37.335000+00:00: offset -7.500000e-04 rep 10 -> OK  (estimate: H=0.1230, V=0.2065)
Applied SpsLowLevelRF/DpOverPOffset = +7.500000e-04
Cycle 2026-05-27 01:38:52.935000+00:00: offset +7.500000e-04 rep 6 -> OK  (estimate: H=0.1382, V=0.2129)
Cycle 2026-05-27 01:39:08.535000+00:00: offset +7.500000e-04 rep 7 -> OK  (estimate: H=0.1382, V=0.2129)
Cycle 2026-05-27 01:39:27.735000+00:00: offset +7.500000e-04 rep 8 -> OK  (estimate: H=0.1382, V=0.2129)
Cycle 2026-05-27 01:39:43.335000+00:00: offset +7.500000e-04 rep 9 -> OK  (estimate: H=0.1382, V=0.2129)
Cycle 2026-05-27 01:39:58.935000+00:00: offset +7.500000e-04 rep 10 -> OK  (estimate: H=0.1382, V=0.2129)
Applied SpsLowLevelRF/DpOverPOffset = -1.000000e-03
Cycle 2026-05-27 01:40:18.135000+00:00: offset -1.000000e-03 rep 6 -> OK  (estimate: H=0.1221, V=0.2075)
Cycle 2026-05-27 01:40:33.735000+00:00: offset -1.000000e-03 rep 7 -> OK  (estimate: H=0.1211, V=0.2065)
Cycle 2026-05-27 01:40:49.335000+00:00: offset -1.000000e-03 rep 8 -> OK  (estimate: H=0.1211, V=0.2065)
Cycle 2026-05-27 01:41:08.535000+00:00: offset -1.000000e-03 rep 9 -> OK  (estimate: H=0.1221, V=0.2075)
Cycle 2026-05-27 01:41:24.135000+00:00: offset -1.000000e-03 rep 10 -> OK  (estimate: H=0.1221, V=0.2065)
Applied SpsLowLevelRF/DpOverPOffset = +1.000000e-03
Cycle 2026-05-27 01:41:39.735000+00:00: offset +1.000000e-03 rep 6 -> OK  (estimate: H=0.1401, V=0.2129)
Cycle 2026-05-27 01:41:58.935000+00:00: offset +1.000000e-03 rep 7 -> OK  (estimate: H=0.1396, V=0.2129)
Cycle 2026-05-27 01:42:14.535000+00:00: offset +1.000000e-03 rep 8 -> OK  (estimate: H=0.1401, V=0.2139)
Cycle 2026-05-27 01:42:30.135000+00:00: offset +1.000000e-03 rep 9 -> OK  (estimate: H=0.1396, V=0.2163)
Cycle 2026-05-27 01:42:49.335000+00:00: offset +1.000000e-03 rep 10 -> OK  (estimate: H=0.1396, V=0.2139)
Applied SpsLowLevelRF/DpOverPOffset = -1.250000e-03
Cycle 2026-05-27 01:43:04.935000+00:00: offset -1.250000e-03 rep 6 -> OK  (estimate: H=0.1201, V=0.2056)
Cycle 2026-05-27 01:43:20.535000+00:00: offset -1.250000e-03 rep 7 -> OK  (estimate: H=0.1206, V=0.2021)
Cycle 2026-05-27 01:43:39.735000+00:00: offset -1.250000e-03 rep 8 -> OK  (estimate: H=0.1201, V=0.2056)
Cycle 2026-05-27 01:43:55.335000+00:00: offset -1.250000e-03 rep 9 -> OK  (estimate: H=0.1201, V=0.2021)
Cycle 2026-05-27 01:44:10.935000+00:00: offset -1.250000e-03 rep 10 -> OK  (estimate: H=0.1211, V=0.2031)
Applied SpsLowLevelRF/DpOverPOffset = +1.250000e-03
Cycle 2026-05-27 01:44:30.135000+00:00: offset +1.250000e-03 rep 6 -> OK  (estimate: H=0.1416, V=0.2183)
Cycle 2026-05-27 01:44:45.735000+00:00: offset +1.250000e-03 rep 7 -> OK  (estimate: H=0.1426, V=0.2183)
Cycle 2026-05-27 01:45:01.335000+00:00: offset +1.250000e-03 rep 8 -> OK  (estimate: H=0.1416, V=0.2148)
Cycle 2026-05-27 01:45:20.535000+00:00: offset +1.250000e-03 rep 9 -> OK  (estimate: H=0.1416, V=0.2148)
Cycle 2026-05-27 01:45:36.135000+00:00: offset +1.250000e-03 rep 10 -> OK  (estimate: H=0.1426, V=0.2139)
Applied SpsLowLevelRF/DpOverPOffset = -1.500000e-03
Cycle 2026-05-27 01:45:51.735000+00:00: offset -1.500000e-03 rep 6 -> OK  (estimate: H=0.1196, V=0.2012)
Cycle 2026-05-27 01:46:10.935000+00:00: offset -1.500000e-03 rep 7 -> OK  (estimate: H=0.1196, V=0.2021)
Cycle 2026-05-27 01:46:26.535000+00:00: offset -1.500000e-03 rep 8 -> OK  (estimate: H=0.1196, V=0.2012)
Cycle 2026-05-27 01:46:42.135000+00:00: offset -1.500000e-03 rep 9 -> OK  (estimate: H=0.1196, V=0.2012)
Cycle 2026-05-27 01:47:01.335000+00:00: offset -1.500000e-03 rep 10 -> OK  (estimate: H=0.1196, V=0.2012)
Applied SpsLowLevelRF/DpOverPOffset = +1.500000e-03
Cycle 2026-05-27 01:47:16.935000+00:00: offset +1.500000e-03 rep 6 -> OK  (estimate: H=0.1426, V=0.2183)
Cycle 2026-05-27 01:47:32.535000+00:00: offset +1.500000e-03 rep 7 -> OK  (estimate: H=0.1436, V=0.2183)
Cycle 2026-05-27 01:47:51.735000+00:00: offset +1.500000e-03 rep 8 -> OK  (estimate: H=0.1426, V=0.2173)
Cycle 2026-05-27 01:48:07.335000+00:00: offset +1.500000e-03 rep 9 -> OK  (estimate: H=0.1436, V=0.2183)
Cycle 2026-05-27 01:48:22.935000+00:00: offset +1.500000e-03 rep 10 -> OK  (estimate: H=0.1460, V=0.2173)
Applied SpsLowLevelRF/DpOverPOffset = -1.750000e-03
Cycle 2026-05-27 01:48:42.135000+00:00: offset -1.750000e-03 rep 6 -> OK  (estimate: H=0.1187, V=0.2007)
Cycle 2026-05-27 01:48:57.735000+00:00: offset -1.750000e-03 rep 7 -> OK  (estimate: H=0.1187, V=0.2002)
Cycle 2026-05-27 01:49:13.335000+00:00: offset -1.750000e-03 rep 8 -> OK  (estimate: H=0.1187, V=0.2002)
Cycle 2026-05-27 01:49:32.535000+00:00: offset -1.750000e-03 rep 9 -> OK  (estimate: H=0.1187, V=0.2002)
Cycle 2026-05-27 01:49:48.135000+00:00: offset -1.750000e-03 rep 10 -> OK  (estimate: H=0.1196, V=0.2007)
Applied SpsLowLevelRF/DpOverPOffset = +1.750000e-03
Cycle 2026-05-27 01:50:03.735000+00:00: offset +1.750000e-03 rep 6 -> OK  (estimate: H=0.1479, V=0.2192)
Cycle 2026-05-27 01:50:22.935000+00:00: offset +1.750000e-03 rep 7 -> OK  (estimate: H=0.1479, V=0.2192)
Cycle 2026-05-27 01:50:38.535000+00:00: offset +1.750000e-03 rep 8 -> OK  (estimate: H=0.1479, V=0.2183)
Cycle 2026-05-27 01:50:54.135000+00:00: offset +1.750000e-03 rep 9 -> OK  (estimate: H=0.1479, V=0.2183)
Cycle 2026-05-27 01:51:13.335000+00:00: offset +1.750000e-03 rep 10 -> OK  (estimate: H=0.1479, V=0.2192)
Applied SpsLowLevelRF/DpOverPOffset = -2.000000e-03
Cycle 2026-05-27 01:51:28.935000+00:00: offset -2.000000e-03 rep 6 -> OK  (estimate: H=0.1177, V=0.1987)
Cycle 2026-05-27 01:51:44.535000+00:00: offset -2.000000e-03 rep 7 -> OK  (estimate: H=0.1177, V=0.1992)
Cycle 2026-05-27 01:52:03.735000+00:00: offset -2.000000e-03 rep 8 -> OK  (estimate: H=0.1177, V=0.1987)
Cycle 2026-05-27 01:52:19.335000+00:00: offset -2.000000e-03 rep 9 -> OK  (estimate: H=0.1187, V=0.1992)
Cycle 2026-05-27 01:52:34.935000+00:00: offset -2.000000e-03 rep 10 -> OK  (estimate: H=0.1177, V=0.1987)
Applied SpsLowLevelRF/DpOverPOffset = +2.000000e-03
Cycle 2026-05-27 01:52:54.135000+00:00: offset +2.000000e-03 rep 6 -> OK  (estimate: H=0.1489, V=0.2207)
Cycle 2026-05-27 01:53:09.735000+00:00: offset +2.000000e-03 rep 7 -> OK  (estimate: H=0.1484, V=0.2207)
Cycle 2026-05-27 01:53:25.335000+00:00: offset +2.000000e-03 rep 8 -> OK  (estimate: H=0.1489, V=0.2197)
Cycle 2026-05-27 01:53:44.535000+00:00: offset +2.000000e-03 rep 9 -> OK  (estimate: H=0.1489, V=0.2207)
Cycle 2026-05-27 01:54:00.135000+00:00: offset +2.000000e-03 rep 10 -> OK  (estimate: H=0.1489, V=0.2207)
Applied SpsLowLevelRF/DpOverPOffset = -2.250000e-03
Cycle 2026-05-27 01:54:15.735000+00:00: offset -2.250000e-03 rep 6 -> OK  (estimate: H=0.1177, V=0.1978)
Cycle 2026-05-27 01:54:34.935000+00:00: offset -2.250000e-03 rep 7 -> OK  (estimate: H=0.1167, V=0.1978)
Cycle 2026-05-27 01:54:50.535000+00:00: offset -2.250000e-03 rep 8 -> OK  (estimate: H=0.1177, V=0.1978)
Cycle 2026-05-27 01:55:06.135000+00:00: offset -2.250000e-03 rep 9 -> OK  (estimate: H=0.1167, V=0.1978)
Cycle 2026-05-27 01:55:25.335000+00:00: offset -2.250000e-03 rep 10 -> OK  (estimate: H=0.1177, V=0.1978)
Applied SpsLowLevelRF/DpOverPOffset = +2.250000e-03
Cycle 2026-05-27 01:55:40.935000+00:00: offset +2.250000e-03 rep 6 -> OK  (estimate: H=0.1499, V=0.2207)
Cycle 2026-05-27 01:55:56.535000+00:00: offset +2.250000e-03 rep 7 -> OK  (estimate: H=0.1499, V=0.2207)
Cycle 2026-05-27 01:56:15.735000+00:00: offset +2.250000e-03 rep 8 -> OK  (estimate: H=0.1494, V=0.2217)
Cycle 2026-05-27 01:56:31.335000+00:00: offset +2.250000e-03 rep 9 -> OK  (estimate: H=0.1499, V=0.2207)
Cycle 2026-05-27 01:56:46.935000+00:00: offset +2.250000e-03 rep 10 -> OK  (estimate: H=0.1499, V=0.2207)
Applied SpsLowLevelRF/DpOverPOffset = -2.500000e-03
Cycle 2026-05-27 01:57:06.135000+00:00: offset -2.500000e-03 rep 6 -> OK  (estimate: H=0.1152, V=0.1958)
Cycle 2026-05-27 01:57:21.735000+00:00: offset -2.500000e-03 rep 7 -> OK  (estimate: H=0.1143, V=0.1157)
Cycle 2026-05-27 01:57:37.335000+00:00: offset -2.500000e-03 rep 8 -> OK  (estimate: H=0.1143, V=0.1924)
Cycle 2026-05-27 01:57:56.535000+00:00: offset -2.500000e-03 rep 9 -> OK  (estimate: H=0.1143, V=0.1157)
Cycle 2026-05-27 01:58:12.135000+00:00: offset -2.500000e-03 rep 10 -> OK  (estimate: H=0.1177, V=0.1958)
Applied SpsLowLevelRF/DpOverPOffset = +2.500000e-03
Cycle 2026-05-27 01:58:27.735000+00:00: offset +2.500000e-03 rep 6 -> OK  (estimate: H=0.1504, V=0.2227)
Cycle 2026-05-27 01:58:46.935000+00:00: offset +2.500000e-03 rep 7 -> OK  (estimate: H=0.1514, V=0.2227)
Cycle 2026-05-27 01:59:02.535000+00:00: offset +2.500000e-03 rep 8 -> OK  (estimate: H=0.1504, V=0.2261)
Cycle 2026-05-27 01:59:18.135000+00:00: offset +2.500000e-03 rep 9 -> OK  (estimate: H=0.1509, V=0.2236)
Cycle 2026-05-27 01:59:37.335000+00:00: offset +2.500000e-03 rep 10 -> OK  (estimate: H=0.1509, V=0.2227)
Applied SpsLowLevelRF/DpOverPOffset = -2.750000e-03
Cycle 2026-05-27 01:59:52.935000+00:00: offset -2.750000e-03 rep 6 -> OK  (estimate: H=0.1143, V=0.1904)
Cycle 2026-05-27 02:00:08.535000+00:00: offset -2.750000e-03 rep 7 -> OK  (estimate: H=0.1143, V=0.1152)
Cycle 2026-05-27 02:00:27.735000+00:00: offset -2.750000e-03 rep 8 -> OK  (estimate: H=0.1143, V=0.1157)
Cycle 2026-05-27 02:00:43.335000+00:00: offset -2.750000e-03 rep 9 -> OK  (estimate: H=0.1143, V=0.1152)
Cycle 2026-05-27 02:00:58.935000+00:00: offset -2.750000e-03 rep 10 -> OK  (estimate: H=0.1143, V=0.1157)
Applied SpsLowLevelRF/DpOverPOffset = +2.750000e-03
Cycle 2026-05-27 02:01:18.135000+00:00: offset +2.750000e-03 rep 6 -> OK  (estimate: H=0.1514, V=0.2271)
Cycle 2026-05-27 02:01:33.735000+00:00: offset +2.750000e-03 rep 7 -> OK  (estimate: H=0.1523, V=0.2261)
Cycle 2026-05-27 02:01:49.335000+00:00: offset +2.750000e-03 rep 8 -> OK  (estimate: H=0.1519, V=0.2280)
Cycle 2026-05-27 02:02:08.535000+00:00: offset +2.750000e-03 rep 9 -> OK  (estimate: H=0.1514, V=0.2271)
Cycle 2026-05-27 02:02:24.135000+00:00: offset +2.750000e-03 rep 10 -> OK  (estimate: H=0.1523, V=0.2271)
Applied SpsLowLevelRF/DpOverPOffset = -3.000000e-03
Cycle 2026-05-27 02:02:39.735000+00:00: offset -3.000000e-03 rep 6 -> OK  (estimate: H=0.1143, V=0.1147)
Cycle 2026-05-27 02:02:58.935000+00:00: offset -3.000000e-03 rep 7 -> OK  (estimate: H=0.1143, V=0.1147)
Cycle 2026-05-27 02:03:14.535000+00:00: offset -3.000000e-03 rep 8 -> OK  (estimate: H=0.1143, V=0.1147)
Cycle 2026-05-27 02:03:30.135000+00:00: offset -3.000000e-03 rep 9 -> OK  (estimate: H=0.1143, V=0.1147)
Cycle 2026-05-27 02:03:49.335000+00:00: offset -3.000000e-03 rep 10 -> OK  (estimate: H=0.1133, V=0.1147)
Applied SpsLowLevelRF/DpOverPOffset = +3.000000e-03
Cycle 2026-05-27 02:04:04.935000+00:00: offset +3.000000e-03 rep 6 -> OK  (estimate: H=0.1533, V=0.1538)
Cycle 2026-05-27 02:04:20.535000+00:00: offset +3.000000e-03 rep 7 -> OK  (estimate: H=0.1523, V=0.1528)
Cycle 2026-05-27 02:04:39.735000+00:00: offset +3.000000e-03 rep 8 -> OK  (estimate: H=0.1523, V=0.2280)
Cycle 2026-05-27 02:04:55.335000+00:00: offset +3.000000e-03 rep 9 -> OK  (estimate: H=0.1523, V=0.2305)
Cycle 2026-05-27 02:05:10.935000+00:00: offset +3.000000e-03 rep 10 -> OK  (estimate: H=0.1533, V=0.1538)
Applied SpsLowLevelRF/DpOverPOffset = -3.250000e-03
Cycle 2026-05-27 02:05:30.135000+00:00: offset -3.250000e-03 rep 6 -> OK  (estimate: H=0.1138, V=0.1147)
Cycle 2026-05-27 02:05:45.735000+00:00: offset -3.250000e-03 rep 7 -> OK  (estimate: H=0.1133, V=0.1138)
Cycle 2026-05-27 02:06:01.335000+00:00: offset -3.250000e-03 rep 8 -> OK  (estimate: H=0.1143, V=0.1147)
Cycle 2026-05-27 02:06:20.535000+00:00: offset -3.250000e-03 rep 9 -> OK  (estimate: H=0.1133, V=0.1143)
Cycle 2026-05-27 02:06:36.135000+00:00: offset -3.250000e-03 rep 10 -> OK  (estimate: H=0.1133, V=0.1143)
Applied SpsLowLevelRF/DpOverPOffset = +3.250000e-03
Cycle 2026-05-27 02:06:51.735000+00:00: offset +3.250000e-03 rep 6 -> OK  (estimate: H=0.1533, V=0.1538)
Cycle 2026-05-27 02:07:10.935000+00:00: offset +3.250000e-03 rep 7 -> OK  (estimate: H=0.1533, V=0.1543)
Cycle 2026-05-27 02:07:26.535000+00:00: offset +3.250000e-03 rep 8 -> OK  (estimate: H=0.1533, V=0.1538)
Cycle 2026-05-27 02:07:42.135000+00:00: offset +3.250000e-03 rep 9 -> OK  (estimate: H=0.1533, V=0.2305)
Cycle 2026-05-27 02:08:01.335000+00:00: offset +3.250000e-03 rep 10 -> OK  (estimate: H=0.1558, V=0.1538)
Applied SpsLowLevelRF/DpOverPOffset = -3.500000e-03
Cycle 2026-05-27 02:08:16.935000+00:00: offset -3.500000e-03 rep 6 -> OK  (estimate: H=0.1133, V=0.1138)
Cycle 2026-05-27 02:08:32.535000+00:00: offset -3.500000e-03 rep 7 -> OK  (estimate: H=0.1133, V=0.1143)
Cycle 2026-05-27 02:08:51.735000+00:00: offset -3.500000e-03 rep 8 -> OK  (estimate: H=0.1123, V=0.1138)
Cycle 2026-05-27 02:09:07.335000+00:00: offset -3.500000e-03 rep 9 -> OK  (estimate: H=0.1133, V=0.1143)
Cycle 2026-05-27 02:09:22.935000+00:00: offset -3.500000e-03 rep 10 -> OK  (estimate: H=0.1133, V=0.1138)
Applied SpsLowLevelRF/DpOverPOffset = +3.500000e-03
Cycle 2026-05-27 02:09:42.135000+00:00: offset +3.500000e-03 rep 6 -> OK  (estimate: H=0.1533, V=0.1538)
Cycle 2026-05-27 02:09:57.735000+00:00: offset +3.500000e-03 rep 7 -> OK  (estimate: H=0.1558, V=0.1548)
Cycle 2026-05-27 02:10:13.335000+00:00: offset +3.500000e-03 rep 8 -> OK  (estimate: H=0.1558, V=0.1548)
Cycle 2026-05-27 02:10:32.535000+00:00: offset +3.500000e-03 rep 9 -> OK  (estimate: H=0.1533, V=0.1543)
Cycle 2026-05-27 02:10:48.135000+00:00: offset +3.500000e-03 rep 10 -> OK  (estimate: H=0.1533, V=0.1543)
Applied SpsLowLevelRF/DpOverPOffset = -3.750000e-03
Cycle 2026-05-27 02:11:03.735000+00:00: offset -3.750000e-03 rep 6 -> OK  (estimate: H=0.1133, V=0.1138)
Cycle 2026-05-27 02:11:22.935000+00:00: offset -3.750000e-03 rep 7 -> OK  (estimate: H=0.1133, V=0.1138)
Cycle 2026-05-27 02:11:38.535000+00:00: offset -3.750000e-03 rep 8 -> OK  (estimate: H=0.1123, V=0.1138)
Cycle 2026-05-27 02:11:54.135000+00:00: offset -3.750000e-03 rep 9 -> OK  (estimate: H=0.1133, V=0.1138)
Cycle 2026-05-27 02:12:13.335000+00:00: offset -3.750000e-03 rep 10 -> OK  (estimate: H=0.1133, V=0.1138)
Applied SpsLowLevelRF/DpOverPOffset = +3.750000e-03
Cycle 2026-05-27 02:12:28.935000+00:00: offset +3.750000e-03 rep 6 -> OK  (estimate: H=0.1558, V=0.1548)
Cycle 2026-05-27 02:12:44.535000+00:00: offset +3.750000e-03 rep 7 -> OK  (estimate: H=0.1533, V=0.1543)
Cycle 2026-05-27 02:13:03.735000+00:00: offset +3.750000e-03 rep 8 -> OK  (estimate: H=0.1543, V=0.1548)
Cycle 2026-05-27 02:13:19.335000+00:00: offset +3.750000e-03 rep 9 -> OK  (estimate: H=0.1543, V=0.1548)
Cycle 2026-05-27 02:13:34.935000+00:00: offset +3.750000e-03 rep 10 -> OK  (estimate: H=0.1533, V=0.1548)
Applied SpsLowLevelRF/DpOverPOffset = -4.000000e-03
Cycle 2026-05-27 02:13:54.135000+00:00: offset -4.000000e-03 rep 6 -> OK  (estimate: H=0.1128, V=0.1138)
Cycle 2026-05-27 02:14:09.735000+00:00: offset -4.000000e-03 rep 7 -> OK  (estimate: H=0.1123, V=0.1870)
Cycle 2026-05-27 02:14:25.335000+00:00: offset -4.000000e-03 rep 8 -> OK  (estimate: H=0.1123, V=0.1133)
Cycle 2026-05-27 02:14:44.535000+00:00: offset -4.000000e-03 rep 9 -> OK  (estimate: H=0.1123, V=0.1870)
Cycle 2026-05-27 02:15:00.135000+00:00: offset -4.000000e-03 rep 10 -> OK  (estimate: H=0.1123, V=0.1133)
Applied SpsLowLevelRF/DpOverPOffset = +4.000000e-03
Cycle 2026-05-27 02:15:15.735000+00:00: offset +4.000000e-03 rep 6 -> OK  (estimate: H=0.1553, V=0.1543)
Cycle 2026-05-27 02:15:34.935000+00:00: offset +4.000000e-03 rep 7 -> OK  (estimate: H=0.0000, V=0.0000)
Cycle 2026-05-27 02:15:50.535000+00:00: offset +4.000000e-03 rep 8 -> ERROR. No beam before measurement window. Trying again.
Cycle 2026-05-27 02:16:06.135000+00:00: offset +4.000000e-03 rep 8 -> ERROR. No beam before measurement window. Trying again.
Cycle 2026-05-27 02:16:25.335000+00:00: offset +4.000000e-03 rep 8 -> ERROR. No beam before measurement window. Trying again.
Cycle 2026-05-27 02:16:40.935000+00:00: offset +4.000000e-03 rep 8 -> ERROR. No beam before measurement window. Trying again.
Cycle 2026-05-27 02:16:56.535000+00:00: offset +4.000000e-03 rep 8 -> ERROR. No beam before measurement window. Trying again.
Cycle 2026-05-27 02:17:15.735000+00:00: offset +4.000000e-03 rep 8 -> ERROR. No beam before measurement window. Trying again.
Cycle 2026-05-27 02:17:31.335000+00:00: offset +4.000000e-03 rep 8 -> ERROR. No beam before measurement window. Trying again.
Cycle 2026-05-27 02:17:46.935000+00:00: offset +4.000000e-03 rep 8 -> ERROR. No beam before measurement window. Trying again.
Cycle 2026-05-27 02:18:06.135000+00:00: offset +4.000000e-03 rep 8 -> ERROR. No beam before measurement window. Trying again.
Cycle 2026-05-27 02:18:21.735000+00:00: offset +4.000000e-03 rep 8 -> OK  (estimate: H=0.1558, V=0.1548)
Cycle 2026-05-27 02:18:37.335000+00:00: offset +4.000000e-03 rep 9 -> OK  (estimate: H=0.1558, V=0.1548)
Cycle 2026-05-27 02:18:56.535000+00:00: offset +4.000000e-03 rep 10 -> OK  (estimate: H=0.1543, V=0.1553)
Applied SpsLowLevelRF/DpOverPOffset = -4.250000e-03
Cycle 2026-05-27 02:19:12.135000+00:00: offset -4.250000e-03 rep 6 -> OK  (estimate: H=0.1118, V=0.1104)
Cycle 2026-05-27 02:19:27.735000+00:00: offset -4.250000e-03 rep 7 -> OK  (estimate: H=0.1123, V=0.1128)
Cycle 2026-05-27 02:19:46.935000+00:00: offset -4.250000e-03 rep 8 -> OK  (estimate: H=0.1118, V=0.1128)
Cycle 2026-05-27 02:20:02.535000+00:00: offset -4.250000e-03 rep 9 -> OK  (estimate: H=0.1128, V=0.1138)
Cycle 2026-05-27 02:20:18.135000+00:00: offset -4.250000e-03 rep 10 -> OK  (estimate: H=0.1123, V=0.1128)
Applied SpsLowLevelRF/DpOverPOffset = +4.250000e-03
Cycle 2026-05-27 02:20:37.335000+00:00: offset +4.250000e-03 rep 6 -> OK  (estimate: H=0.1543, V=0.1548)
Cycle 2026-05-27 02:20:52.935000+00:00: offset +4.250000e-03 rep 7 -> OK  (estimate: H=0.1548, V=0.1543)
Cycle 2026-05-27 02:21:08.535000+00:00: offset +4.250000e-03 rep 8 -> OK  (estimate: H=0.1548, V=0.1533)
Cycle 2026-05-27 02:21:27.735000+00:00: offset +4.250000e-03 rep 9 -> OK  (estimate: H=0.1533, V=0.1543)
Cycle 2026-05-27 02:21:43.335000+00:00: offset +4.250000e-03 rep 10 -> OK  (estimate: H=0.1543, V=0.1543)
Applied SpsLowLevelRF/DpOverPOffset = -4.500000e-03
Cycle 2026-05-27 02:21:58.935000+00:00: offset -4.500000e-03 rep 6 -> OK  (estimate: H=0.1123, V=0.1128)
Cycle 2026-05-27 02:22:18.135000+00:00: offset -4.500000e-03 rep 7 -> OK  (estimate: H=0.1118, V=0.1128)
Cycle 2026-05-27 02:22:33.735000+00:00: offset -4.500000e-03 rep 8 -> OK  (estimate: H=0.1123, V=0.1138)
Cycle 2026-05-27 02:22:49.335000+00:00: offset -4.500000e-03 rep 9 -> OK  (estimate: H=0.1123, V=0.1128)
Cycle 2026-05-27 02:23:08.535000+00:00: offset -4.500000e-03 rep 10 -> OK  (estimate: H=0.1118, V=0.1128)
Applied SpsLowLevelRF/DpOverPOffset = +4.500000e-03
Cycle 2026-05-27 02:23:24.135000+00:00: offset +4.500000e-03 rep 6 -> OK  (estimate: H=0.1538, V=0.1533)
Cycle 2026-05-27 02:23:39.735000+00:00: offset +4.500000e-03 rep 7 -> OK  (estimate: H=0.1533, V=0.1538)
Cycle 2026-05-27 02:23:58.935000+00:00: offset +4.500000e-03 rep 8 -> OK  (estimate: H=0.1523, V=0.1533)
Cycle 2026-05-27 02:24:14.535000+00:00: offset +4.500000e-03 rep 9 -> OK  (estimate: H=0.1533, V=0.1533)
Cycle 2026-05-27 02:24:30.135000+00:00: offset +4.500000e-03 rep 10 -> OK  (estimate: H=0.1528, V=0.1538)
Applied SpsLowLevelRF/DpOverPOffset = -4.750000e-03
Cycle 2026-05-27 02:24:49.335000+00:00: offset -4.750000e-03 rep 6 -> OK  (estimate: H=0.1113, V=0.1709)
Cycle 2026-05-27 02:25:04.935000+00:00: offset -4.750000e-03 rep 7 -> OK  (estimate: H=0.1113, V=0.1792)
Cycle 2026-05-27 02:25:20.535000+00:00: offset -4.750000e-03 rep 8 -> OK  (estimate: H=0.1118, V=0.1709)
Cycle 2026-05-27 02:25:39.735000+00:00: offset -4.750000e-03 rep 9 -> OK  (estimate: H=0.1113, V=0.1792)
Cycle 2026-05-27 02:25:55.335000+00:00: offset -4.750000e-03 rep 10 -> OK  (estimate: H=0.1108, V=0.1792)
Applied SpsLowLevelRF/DpOverPOffset = +4.750000e-03
Cycle 2026-05-27 02:26:10.935000+00:00: offset +4.750000e-03 rep 6 -> OK  (estimate: H=0.1548, V=0.1538)
Cycle 2026-05-27 02:26:30.135000+00:00: offset +4.750000e-03 rep 7 -> OK  (estimate: H=0.1533, V=0.1543)
Cycle 2026-05-27 02:26:45.735000+00:00: offset +4.750000e-03 rep 8 -> OK  (estimate: H=0.1533, V=0.1538)
Cycle 2026-05-27 02:27:01.335000+00:00: offset +4.750000e-03 rep 9 -> OK  (estimate: H=0.1533, V=0.1543)
Cycle 2026-05-27 02:27:20.535000+00:00: offset +4.750000e-03 rep 10 -> OK  (estimate: H=0.1533, V=0.1533)
Applied SpsLowLevelRF/DpOverPOffset = -5.000000e-03
Cycle 2026-05-27 02:27:36.135000+00:00: offset -5.000000e-03 rep 6 -> OK  (estimate: H=0.1113, V=0.1699)
Cycle 2026-05-27 02:27:51.735000+00:00: offset -5.000000e-03 rep 7 -> OK  (estimate: H=0.1113, V=0.1699)
Cycle 2026-05-27 02:28:10.935000+00:00: offset -5.000000e-03 rep 8 -> OK  (estimate: H=0.1108, V=0.1709)
Cycle 2026-05-27 02:28:26.535000+00:00: offset -5.000000e-03 rep 9 -> OK  (estimate: H=0.1113, V=0.1704)
Cycle 2026-05-27 02:28:42.135000+00:00: offset -5.000000e-03 rep 10 -> OK  (estimate: H=0.1123, V=0.1128)
Applied SpsLowLevelRF/DpOverPOffset = +5.000000e-03
Cycle 2026-05-27 02:29:01.335000+00:00: offset +5.000000e-03 rep 6 -> OK  (estimate: H=0.1548, V=0.1538)
Cycle 2026-05-27 02:29:16.935000+00:00: offset +5.000000e-03 rep 7 -> OK  (estimate: H=0.1533, V=0.1538)
Cycle 2026-05-27 02:29:32.535000+00:00: offset +5.000000e-03 rep 8 -> OK  (estimate: H=0.1533, V=0.1538)
Cycle 2026-05-27 02:29:51.735000+00:00: offset +5.000000e-03 rep 9 -> OK  (estimate: H=0.1533, V=0.1538)
Cycle 2026-05-27 02:30:07.335000+00:00: offset +5.000000e-03 rep 10 -> OK  (estimate: H=0.1533, V=0.1538)
Applied SpsLowLevelRF/DpOverPOffset = -5.250000e-03
Cycle 2026-05-27 02:30:22.935000+00:00: offset -5.250000e-03 rep 6 -> OK  (estimate: H=0.1108, V=0.1694)
Cycle 2026-05-27 02:30:42.135000+00:00: offset -5.250000e-03 rep 7 -> OK  (estimate: H=0.1099, V=0.1694)
Cycle 2026-05-27 02:30:57.735000+00:00: offset -5.250000e-03 rep 8 -> OK  (estimate: H=0.1104, V=0.1685)
Cycle 2026-05-27 02:31:13.335000+00:00: offset -5.250000e-03 rep 9 -> OK  (estimate: H=0.1104, V=0.1094)
Cycle 2026-05-27 02:31:32.535000+00:00: offset -5.250000e-03 rep 10 -> OK  (estimate: H=0.1108, V=0.1685)
Applied SpsLowLevelRF/DpOverPOffset = +5.250000e-03
Cycle 2026-05-27 02:31:48.135000+00:00: offset +5.250000e-03 rep 6 -> OK  (estimate: H=0.1533, V=0.1538)
Cycle 2026-05-27 02:32:03.735000+00:00: offset +5.250000e-03 rep 7 -> OK  (estimate: H=0.1548, V=0.1543)
Cycle 2026-05-27 02:32:22.935000+00:00: offset +5.250000e-03 rep 8 -> OK  (estimate: H=0.1533, V=0.1543)
Cycle 2026-05-27 02:32:38.535000+00:00: offset +5.250000e-03 rep 9 -> OK  (estimate: H=0.1533, V=0.1538)
Cycle 2026-05-27 02:32:54.135000+00:00: offset +5.250000e-03 rep 10 -> OK  (estimate: H=0.1538, V=0.2603)
Applied SpsLowLevelRF/DpOverPOffset = -5.500000e-03
Cycle 2026-05-27 02:33:13.335000+00:00: offset -5.500000e-03 rep 6 -> OK  (estimate: H=0.1099, V=0.1675)
Cycle 2026-05-27 02:33:28.935000+00:00: offset -5.500000e-03 rep 7 -> OK  (estimate: H=0.1099, V=0.1094)
Cycle 2026-05-27 02:33:44.535000+00:00: offset -5.500000e-03 rep 8 -> OK  (estimate: H=0.1099, V=0.1660)
Cycle 2026-05-27 02:34:03.735000+00:00: offset -5.500000e-03 rep 9 -> OK  (estimate: H=0.1099, V=0.1675)
Cycle 2026-05-27 02:34:19.335000+00:00: offset -5.500000e-03 rep 10 -> OK  (estimate: H=0.1104, V=0.1675)
Applied SpsLowLevelRF/DpOverPOffset = +5.500000e-03
Cycle 2026-05-27 02:34:34.935000+00:00: offset +5.500000e-03 rep 6 -> OK  (estimate: H=0.1543, V=0.1548)
Cycle 2026-05-27 02:34:54.135000+00:00: offset +5.500000e-03 rep 7 -> OK  (estimate: H=0.1558, V=0.1548)
Cycle 2026-05-27 02:35:09.735000+00:00: offset +5.500000e-03 rep 8 -> OK  (estimate: H=0.1538, V=0.2563)
Cycle 2026-05-27 02:35:25.335000+00:00: offset +5.500000e-03 rep 9 -> OK  (estimate: H=0.1533, V=0.2529)
Cycle 2026-05-27 02:35:44.535000+00:00: offset +5.500000e-03 rep 10 -> OK  (estimate: H=0.1533, V=0.1538)
Applied SpsLowLevelRF/DpOverPOffset = -5.750000e-03
Cycle 2026-05-27 02:36:00.135000+00:00: offset -5.750000e-03 rep 6 -> OK  (estimate: H=0.1089, V=0.1641)
Cycle 2026-05-27 02:36:15.735000+00:00: offset -5.750000e-03 rep 7 -> OK  (estimate: H=0.1089, V=0.1655)
Cycle 2026-05-27 02:36:34.935000+00:00: offset -5.750000e-03 rep 8 -> OK  (estimate: H=0.1104, V=0.1641)
Cycle 2026-05-27 02:36:50.535000+00:00: offset -5.750000e-03 rep 9 -> OK  (estimate: H=0.1074, V=0.1641)
Cycle 2026-05-27 02:37:06.135000+00:00: offset -5.750000e-03 rep 10 -> OK  (estimate: H=0.1089, V=0.1631)
Applied SpsLowLevelRF/DpOverPOffset = +5.750000e-03
Cycle 2026-05-27 02:37:25.335000+00:00: offset +5.750000e-03 rep 6 -> OK  (estimate: H=0.1543, V=0.2583)
Cycle 2026-05-27 02:37:40.935000+00:00: offset +5.750000e-03 rep 7 -> OK  (estimate: H=0.1543, V=0.2583)
Cycle 2026-05-27 02:37:56.535000+00:00: offset +5.750000e-03 rep 8 -> OK  (estimate: H=0.1558, V=0.2583)
Cycle 2026-05-27 02:38:15.735000+00:00: offset +5.750000e-03 rep 9 -> OK  (estimate: H=0.1543, V=0.2583)
Cycle 2026-05-27 02:38:31.335000+00:00: offset +5.750000e-03 rep 10 -> OK  (estimate: H=0.1538, V=0.2583)
Applied SpsLowLevelRF/DpOverPOffset = -6.000000e-03
Cycle 2026-05-27 02:38:46.935000+00:00: offset -6.000000e-03 rep 6 -> OK  (estimate: H=0.1055, V=0.0000)
Cycle 2026-05-27 02:39:06.135000+00:00: offset -6.000000e-03 rep 7 -> OK  (estimate: H=0.1055, V=0.0000)
Cycle 2026-05-27 02:39:21.735000+00:00: offset -6.000000e-03 rep 8 -> OK  (estimate: H=0.0000, V=0.0000)
Cycle 2026-05-27 02:39:37.335000+00:00: offset -6.000000e-03 rep 9 -> OK  (estimate: H=0.1064, V=0.0000)
Cycle 2026-05-27 02:39:56.535000+00:00: offset -6.000000e-03 rep 10 -> OK  (estimate: H=0.1064, V=0.0000)
Applied SpsLowLevelRF/DpOverPOffset = +6.000000e-03
Cycle 2026-05-27 02:40:12.135000+00:00: offset +6.000000e-03 rep 6 -> OK  (estimate: H=0.1533, V=0.2612)
Cycle 2026-05-27 02:40:27.735000+00:00: offset +6.000000e-03 rep 7 -> OK  (estimate: H=0.1533, V=0.2607)
Cycle 2026-05-27 02:40:46.935000+00:00: offset +6.000000e-03 rep 8 -> OK  (estimate: H=0.1543, V=0.2607)
Cycle 2026-05-27 02:41:02.535000+00:00: offset +6.000000e-03 rep 9 -> OK  (estimate: H=0.1538, V=0.2607)
Cycle 2026-05-27 02:41:18.135000+00:00: offset +6.000000e-03 rep 10 -> OK  (estimate: H=0.1538, V=0.2607)
Applied SpsLowLevelRF/DpOverPOffset = -6.250000e-03
Cycle 2026-05-27 02:41:37.335000+00:00: offset -6.250000e-03 rep 6 -> OK  (estimate: H=0.0000, V=0.0000)
Cycle 2026-05-27 02:41:52.935000+00:00: offset -6.250000e-03 rep 7 -> OK  (estimate: H=0.0000, V=0.0000)
Cycle 2026-05-27 02:42:08.535000+00:00: offset -6.250000e-03 rep 8 -> OK  (estimate: H=0.0000, V=0.0000)
Cycle 2026-05-27 02:42:27.735000+00:00: offset -6.250000e-03 rep 9 -> OK  (estimate: H=0.0000, V=0.0000)
Cycle 2026-05-27 02:42:43.335000+00:00: offset -6.250000e-03 rep 10 -> OK  (estimate: H=0.0000, V=0.0000)
Applied SpsLowLevelRF/DpOverPOffset = +6.250000e-03
Cycle 2026-05-27 02:42:58.935000+00:00: offset +6.250000e-03 rep 6 -> OK  (estimate: H=0.1543, V=0.2671)
Cycle 2026-05-27 02:43:18.135000+00:00: offset +6.250000e-03 rep 7 -> OK  (estimate: H=0.1543, V=0.2671)
Cycle 2026-05-27 02:43:33.735000+00:00: offset +6.250000e-03 rep 8 -> OK  (estimate: H=0.1553, V=0.2690)
Cycle 2026-05-27 02:43:49.335000+00:00: offset +6.250000e-03 rep 9 -> OK  (estimate: H=0.1553, V=0.2681)
Cycle 2026-05-27 02:44:08.535000+00:00: offset +6.250000e-03 rep 10 -> OK  (estimate: H=0.1553, V=0.2627)
Applied SpsLowLevelRF/DpOverPOffset = -6.500000e-03
Cycle 2026-05-27 02:44:24.135000+00:00: offset -6.500000e-03 rep 6 -> OK  (estimate: H=0.0000, V=0.0000)
Cycle 2026-05-27 02:44:39.735000+00:00: offset -6.500000e-03 rep 7 -> OK  (estimate: H=0.0000, V=0.0000)
Cycle 2026-05-27 02:44:58.935000+00:00: offset -6.500000e-03 rep 8 -> OK  (estimate: H=0.0000, V=0.0000)
Cycle 2026-05-27 02:45:14.535000+00:00: offset -6.500000e-03 rep 9 -> OK  (estimate: H=0.0000, V=0.0000)
Cycle 2026-05-27 02:45:30.135000+00:00: offset -6.500000e-03 rep 10 -> OK  (estimate: H=0.0000, V=0.0000)
Applied SpsLowLevelRF/DpOverPOffset = +6.500000e-03
Cycle 2026-05-27 02:45:49.335000+00:00: offset +6.500000e-03 rep 6 -> OK  (estimate: H=0.1553, V=0.2700)
Cycle 2026-05-27 02:46:04.935000+00:00: offset +6.500000e-03 rep 7 -> OK  (estimate: H=0.1553, V=0.2700)
Cycle 2026-05-27 02:46:20.535000+00:00: offset +6.500000e-03 rep 8 -> OK  (estimate: H=0.1577, V=0.2700)
Cycle 2026-05-27 02:46:39.735000+00:00: offset +6.500000e-03 rep 9 -> OK  (estimate: H=0.1567, V=0.2700)
Cycle 2026-05-27 02:46:55.335000+00:00: offset +6.500000e-03 rep 10 -> OK  (estimate: H=0.1577, V=0.2700)
Applied SpsLowLevelRF/DpOverPOffset = +0.000000e+00
Cool, we are done!
